Age,Gender,Experience,Education,Interview Score,Test Score,Actual Salary,PredictedSalary
25,f,7,Ma,6,7,3059.7,2548.5015
24,f,7,Ma,6,8,3207.66,2574.2163
22,f,6,Ma,8,9,3235.05,2576.671
29,f,6,Ma,6,7,2674.79,2608.4927
24,f,8,Ma,6,7,3354.95,2627.58
21,f,8,Ma,7,8,3054.33,2634.8474
25,f,6,Ma,8,8,2902.5,2643.6694
24,f,7,Ma,6,9,3376.75,2646.288
22,f,9,Ma,6,7,2971.04,2660.3022
22,f,8,Ma,7,8,2704.75,2681.204
30,f,7,Ma,5,7,3279.6,2706.019
28,f,6,Ma,7,8,2766.25,2708.4736
24,f,7,Ma,7,9,2460.76,2720.5542
28,f,8,Ma,6,6,3393.89,2740.9353
25,f,8,Ma,6,8,2963.96,2746.0088
24,f,9,Ma,7,6,3515.26,2755.2095
25,f,7,Ma,8,8,2976.95,2769.105
23,f,9,Ma,6,8,3291.59,2778.731
27,f,7,Ma,7,8,2933.71,2787.5527
26,f,8,Ma,6,8,3256.61,2792.3655
24,f,7,Ma,7,10,3119.16,2792.626
24,f,7,Ma,8,9,2819.88,2794.8198
23,f,8,Ma,8,8,3464.27,2801.8267
22,f,9,Ma,7,8,2956.37,2806.64
28,f,8,Ma,6,7,2488.56,2813.0068
26,f,7,Ma,7,9,2741.39,2813.2676
25,f,8,Ma,7,8,2484.57,2820.2744
24,f,9,Ma,7,7,2560.2,2827.2812
24,f,9,Ma,7,7,2502.8,2827.2812
27,f,6,PhD,5,6,3707.57,2833.5142
28,f,7,Ma,7,8,3094.05,2833.9094
28,f,7,Ma,7,8,2606.23,2833.9094
28,f,7,Ma,8,7,2559.87,2836.1035
27,f,8,Ma,6,8,3094.16,2838.7222
27,f,8,Ma,6,8,3549.45,2838.7222
25,f,7,Ma,7,10,2636.28,2838.9824
25,f,7,Ma,8,9,3357.71,2841.1768
26,f,9,Ma,6,7,4043.95,2845.729
24,f,8,Ma,7,9,3238.0,2845.9897
23,f,9,Ma,7,8,2734.64,2852.9966
23,f,9,Ma,7,8,3309.64,2852.9966
30,f,7,Ma,7,7,3000.52,2854.5513
28,f,6,Ma,8,9,2928.72,2854.8115
29,f,8,Ma,6,7,3186.08,2859.3638
27,f,7,Ma,8,8,2927.81,2861.8184
28,f,9,Ma,6,6,2899.53,2866.3706
26,f,8,Ma,7,8,2924.92,2866.6313
24,f,7,Ma,9,9,3485.5,2869.086
24,f,7,Ma,9,9,3796.63,2869.086
25,f,9,Ma,6,8,3413.15,2871.4443
25,f,9,Ma,7,7,2918.42,2873.6382
23,f,8,Ma,8,9,2856.57,2873.8984
31,f,8,Ma,5,7,2753.62,2877.8115
24,f,10,Ma,6,7,3247.98,2878.451
29,f,7,Ma,7,8,2719.05,2880.266
29,f,7,Ma,7,8,2840.79,2880.266
27,f,6,Ma,9,9,2870.74,2882.7207
26,f,7,Ma,7,10,2881.68,2885.3396
26,f,7,Ma,8,9,2901.11,2887.5334
21,f,10,Ma,8,7,3430.55,2887.9126
27,f,9,Ma,6,7,3085.24,2892.0857
27,f,9,Ma,6,7,3849.27,2892.0857
27,f,9,Ma,6,7,3163.8,2892.0857
25,f,8,Ma,8,8,3579.98,2894.5405
30,f,8,Ma,5,8,3241.11,2903.5264
28,f,7,Ma,7,9,2980.58,2905.981
28,f,7,Ma,7,9,2440.08,2905.981
28,f,7,Ma,8,8,3053.11,2908.1753
29,f,9,Ma,5,7,2998.22,2910.5334
27,f,8,Ma,7,8,3136.59,2912.988
27,f,8,Ma,7,8,3248.11,2912.988
25,f,7,Ma,8,10,3438.93,2913.2485
27,f,8,Ma,8,7,3188.21,2915.1821
26,f,9,Ma,7,7,3305.0,2919.995
24,f,8,Ma,8,9,2831.71,2920.2556
24,f,8,Ma,8,9,3537.01,2920.2556
30,f,7,Ma,7,8,3229.71,2926.6226
23,f,9,Ma,8,8,3096.42,2927.2627
29,f,8,Ma,6,8,3173.46,2931.4355
22,f,10,Ma,7,8,3577.46,2932.0752
29,f,8,Ma,7,7,2675.52,2933.6294
28,f,9,Ma,6,7,3522.92,2938.4424
26,f,8,Ma,7,9,3558.61,2938.7031
26,f,8,Ma,7,9,2984.61,2938.7031
26,f,8,Ma,8,8,2920.96,2940.897
26,f,8,Ma,8,8,2761.61,2940.897
26,f,8,Ma,8,8,2804.02,2940.897
25,f,9,Ma,7,8,2835.1,2945.71
25,f,9,Ma,7,8,3899.68,2945.71
29,f,7,Ma,8,8,3249.43,2954.5317
23,f,11,Ma,6,7,3366.5,2957.5298
23,f,11,Ma,6,7,2949.31,2957.5298
28,f,8,Ma,7,8,3264.67,2959.3447
28,f,8,Ma,7,8,2815.3,2959.3447
28,f,8,Ma,7,8,2829.91,2959.3447
25,f,8,Ma,7,10,2827.56,2964.418
25,f,8,Ma,7,10,3034.52,2964.418
25,f,8,Ma,8,9,3141.88,2966.6123
25,f,8,Ma,8,9,3362.49,2966.6123
25,f,8,Ma,8,9,3066.1,2966.6123
25,f,8,Ma,8,9,2971.64,2966.6123
26,f,10,Ma,6,7,3560.78,2971.1646
26,f,10,Ma,6,7,3163.15,2971.1646
24,f,9,Ma,8,8,2173.12,2973.6191
25,f,11,Ma,6,6,3203.89,2978.1716
30,f,8,Ma,7,7,2896.93,2979.9863
28,f,7,Ma,8,9,2776.68,2980.2468
27,f,8,Ma,7,9,3125.9,2985.0598
27,f,8,Ma,8,8,3014.88,2987.254
26,f,9,Ma,6,9,3227.28,2989.873
26,f,9,Ma,7,8,2964.91,2992.067
26,f,9,Ma,7,8,3286.68,2992.067
26,f,9,Ma,7,8,3293.36,2992.067
26,f,9,Ma,7,8,2590.55,2992.067
26,f,9,Ma,7,8,3492.92,2992.067
26,f,9,Ma,7,8,3095.9,2992.067
26,f,9,Ma,7,8,2939.77,2992.067
26,f,9,Ma,8,7,3431.71,2994.2607
25,f,10,Ma,6,8,3153.96,2996.8796
25,f,10,Ma,7,7,2894.08,2999.0737
23,f,9,Ma,8,9,3003.93,2999.3345
28,f,6,Ma,9,10,3325.05,3001.1492
31,f,9,Ma,6,6,3533.61,3005.441
22,f,10,Ma,8,8,3021.19,3006.3408
29,f,8,Ma,8,7,3066.35,3007.8955
29,f,8,Ma,8,7,3206.77,3007.8955
26,f,8,Ma,7,10,3459.3,3010.775
26,f,8,Ma,7,10,3176.2,3010.775
27,f,10,Ma,6,7,3769.67,3017.5215
27,f,10,Ma,6,7,3384.33,3017.5215
25,f,9,Ma,7,9,3413.92,3017.7817
25,f,9,Ma,8,8,3200.37,3019.976
25,f,9,Ma,8,8,2886.36,3019.976
25,f,9,Ma,8,8,2692.68,3019.976
25,f,9,Ma,8,8,3756.43,3019.976
26,f,11,Ma,6,6,2986.88,3024.5283
31,f,8,Ma,7,7,3147.02,3026.3433
29,f,7,Ma,9,8,2983.03,3028.7979
23,f,11,Ma,7,7,3481.02,3031.796
28,f,8,Ma,8,8,3099.2,3033.6106
28,f,8,Ma,8,8,2449.2,3033.6106
28,f,8,Ma,8,8,2901.36,3033.6106
27,f,9,Ma,7,8,2793.98,3038.4238
27,f,9,Ma,7,8,3477.12,3038.4238
27,f,9,Ma,7,8,3310.36,3038.4238
25,f,8,Ma,8,10,2949.63,3038.684
32,f,6,Ma,8,9,2489.92,3040.2383
27,f,9,Ma,8,7,2698.37,3040.6177
26,f,10,Ma,6,8,3119.79,3043.2363
33,f,8,Ma,6,7,3156.53,3044.7908
26,f,10,Ma,7,7,3761.74,3045.4304
26,f,10,Ma,7,7,3027.16,3045.4304
24,f,9,Ma,8,9,3011.43,3045.691
31,f,7,Ma,8,8,3369.59,3047.2456
24,f,9,Ma,9,8,3252.52,3047.8848
25,f,11,Ma,6,7,3424.51,3050.2432
25,f,11,Ma,6,7,2919.29,3050.2432
27,f,8,Ma,8,9,2641.36,3059.3257
27,f,8,Ma,8,9,3395.05,3059.3257
27,f,8,Ma,8,9,3057.76,3059.3257
28,f,10,Ma,6,7,2623.36,3063.878
28,f,10,Ma,6,7,3314.15,3063.878
26,f,9,Ma,7,9,2616.59,3064.1384
26,f,9,Ma,7,9,3059.98,3064.1384
26,f,9,Ma,8,8,3114.18,3066.3328
26,f,9,Ma,8,8,2671.17,3066.3328
26,f,9,Ma,8,8,3124.2,3066.3328
21,f,12,Ma,8,6,3577.29,3066.712
27,f,11,Ma,6,6,3920.31,3070.885
25,f,10,Ma,7,8,3166.62,3071.1455
25,f,10,Ma,7,8,3124.46,3071.1455
25,f,10,Ma,8,7,2981.41,3073.3398
29,f,8,Ma,7,9,3444.06,3077.7734
29,f,8,Ma,7,9,2805.79,3077.7734
22,f,10,Ma,8,9,2877.69,3078.413
31,f,9,Ma,7,6,3238.25,3079.7068
26,f,6,PhD,7,8,2774.14,3079.8325
29,f,8,Ma,8,8,3455.66,3079.9673
29,f,8,Ma,8,8,3788.47,3079.9673
28,f,9,Ma,7,8,2943.79,3084.7803
28,f,9,Ma,7,8,3544.41,3084.7803
26,f,8,Ma,8,10,3236.92,3085.041
26,f,8,Ma,9,9,3196.08,3087.2349
27,f,10,Ma,6,8,3058.36,3089.593
27,f,10,Ma,6,8,3233.08,3089.593
32,f,7,Ma,7,9,2964.58,3091.408
25,f,9,Ma,8,9,3361.43,3092.0479
25,f,9,Ma,8,9,3168.45,3092.0479
32,f,7,Ma,8,8,3095.62,3093.602
25,f,9,Ma,9,8,3281.66,3094.242
26,f,11,Ma,6,7,3776.01,3096.6
26,f,11,Ma,6,7,3407.09,3096.6
26,f,11,Ma,6,7,3298.27,3096.6
24,f,10,Ma,7,9,3592.17,3096.8606
24,f,10,Ma,7,9,3215.31,3096.8606
31,f,8,Ma,7,8,3153.83,3098.415
28,f,6,PhD,7,7,2995.14,3100.4744
31,f,8,Ma,8,7,2813.95,3100.6091
28,f,8,Ma,7,10,3221.51,3103.4885
28,f,8,Ma,7,10,3052.36,3103.4885
23,f,11,Ma,7,8,3251.39,3103.8677
27,f,7,PhD,6,7,3357.16,3105.287
28,f,8,Ma,8,9,3248.95,3105.6824
28,f,8,Ma,8,9,3837.12,3105.6824
28,f,8,Ma,8,9,2674.16,3105.6824
23,f,11,Ma,8,7,2674.27,3106.0615
28,f,8,Ma,9,8,3777.85,3107.8765
29,f,10,Ma,6,7,3481.94,3110.2349
27,f,9,Ma,7,9,3569.65,3110.4954
27,f,9,Ma,7,9,3214.38,3110.4954
27,f,9,Ma,7,9,3328.34,3110.4954
27,f,9,Ma,7,9,3506.66,3110.4954
27,f,9,Ma,8,8,3414.05,3112.6895
27,f,9,Ma,8,8,3589.38,3112.6895
28,f,11,Ma,6,6,3306.1,3117.2417
28,f,11,Ma,6,6,3740.01,3117.2417
26,f,10,Ma,7,8,2777.97,3117.5022
26,f,10,Ma,7,8,3305.69,3117.5022
26,f,10,Ma,7,8,3771.82,3117.5022
26,f,10,Ma,7,8,3778.85,3117.5022
26,f,10,Ma,7,8,3512.45,3117.5022
26,f,10,Ma,7,8,3548.33,3117.5022
26,f,10,Ma,7,8,3629.46,3117.5022
26,f,10,Ma,7,8,3002.45,3117.5022
26,f,10,Ma,7,8,3353.54,3117.5022
26,f,10,Ma,7,8,3385.74,3117.5022
31,f,7,Ma,8,9,3243.9,3119.3171
26,f,10,Ma,8,7,3308.43,3119.6963
26,f,10,Ma,8,7,3425.31,3119.6963
28,f,5,PhD,8,8,3452.56,3121.3767
25,f,11,Ma,6,8,3098.27,3122.3154
25,f,11,Ma,6,8,3433.16,3122.3154
25,f,11,Ma,6,8,3195.98,3122.3154
25,f,11,Ma,6,8,3266.15,3122.3154
30,f,8,Ma,7,9,3363.06,3124.1301
23,f,10,Ma,8,9,3097.43,3124.7698
30,f,8,Ma,8,8,2803.79,3126.3237
30,f,8,Ma,8,8,3242.58,3126.3237
30,f,8,Ma,8,8,3006.61,3126.3237
29,f,9,Ma,6,9,3336.15,3128.9429
27,f,6,PhD,9,6,3191.68,3130.5776
26,f,7,PhD,6,8,3395.43,3131.0024
29,f,9,Ma,7,8,3401.05,3131.137
29,f,9,Ma,7,8,3471.96,3131.137
29,f,9,Ma,7,8,3558.58,3131.137
29,f,9,Ma,7,8,3234.27,3131.137
29,f,9,Ma,7,8,3543.06,3131.137
27,f,8,Ma,9,9,3046.33,3133.5916
26,f,7,PhD,8,6,4283.74,3135.3904
28,f,10,Ma,6,8,3119.98,3135.95
28,f,10,Ma,6,8,3085.61,3135.95
28,f,10,Ma,6,8,3096.39,3135.95
26,f,9,Ma,7,10,3153.6,3136.2104
26,f,9,Ma,8,9,3719.66,3138.4048
26,f,9,Ma,8,9,3588.14,3138.4048
26,f,9,Ma,8,9,3081.33,3138.4048
28,f,10,Ma,8,6,3560.82,3140.338
26,f,9,Ma,9,8,3187.98,3140.5986
25,f,10,Ma,7,9,3347.4,3143.2173
25,f,10,Ma,7,9,3605.73,3143.2173
24,f,9,PhD,6,6,4230.6,3145.016
25,f,10,Ma,8,8,3335.93,3145.4111
25,f,10,Ma,8,8,3549.83,3145.4111
25,f,10,Ma,8,8,3386.47,3145.4111
25,f,10,Ma,8,8,3282.99,3145.4111
29,f,8,Ma,7,10,3452.01,3149.8455
24,f,11,Ma,7,8,3262.98,3150.2246
26,f,6,PhD,7,9,3833.32,3151.9048
24,f,11,Ma,8,7,3602.01,3152.4185
28,f,9,Ma,7,9,3120.57,3156.8523
28,f,9,Ma,7,9,2659.61,3156.8523
28,f,9,Ma,7,9,2819.34,3156.8523
28,f,9,Ma,7,9,2924.4,3156.8523
27,f,8,PhD,6,6,3184.58,3158.651
28,f,9,Ma,8,8,3278.62,3159.0461
28,f,9,Ma,8,8,3372.54,3159.0461
28,f,9,Ma,8,8,2636.83,3159.0461
28,f,9,Ma,8,8,2901.39,3159.0461
28,f,9,Ma,8,8,2685.93,3159.0461
29,f,11,Ma,6,6,3078.38,3163.5986
27,f,10,Ma,7,8,2907.86,3163.859
27,f,10,Ma,7,8,3308.49,3163.859
27,f,10,Ma,8,7,3448.04,3166.0532
27,f,10,Ma,8,7,3150.58,3166.0532
27,f,10,Ma,8,7,3330.57,3166.0532
22,f,7,PhD,8,9,3142.25,3166.1792
26,f,11,Ma,6,8,3793.61,3168.6719
26,f,11,Ma,7,7,3293.76,3170.8662
24,f,10,Ma,8,9,3764.47,3171.1265
24,f,10,Ma,8,9,3248.65,3171.1265
31,f,8,Ma,8,8,3102.27,3172.6807
24,f,10,Ma,9,8,2861.38,3173.3206
24,f,10,Ma,9,8,3575.65,3173.3206
30,f,9,Ma,7,8,3534.77,3177.494
30,f,9,Ma,7,8,3050.77,3177.494
30,f,9,Ma,7,8,3304.7,3177.494
29,f,10,Ma,6,8,3353.68,3182.3066
29,f,10,Ma,6,8,2935.97,3182.3066
27,f,9,Ma,7,10,3668.45,3182.5674
26,f,8,PhD,6,7,3448.4,3184.3662
29,f,10,Ma,7,7,3636.4,3184.5007
24,f,7,PhD,7,9,3162.29,3184.6265
27,f,9,Ma,8,9,3191.36,3184.7612
27,f,9,Ma,8,9,2308.88,3184.7612
27,f,9,Ma,8,9,2978.49,3184.7612
27,f,9,Ma,9,8,3114.87,3186.9556
27,f,9,Ma,9,8,2743.4,3186.9556
28,f,11,Ma,6,7,2760.79,3189.3135
28,f,11,Ma,6,7,3453.66,3189.3135
28,f,11,Ma,6,7,3652.25,3189.3135
28,f,11,Ma,6,7,3438.52,3189.3135
26,f,10,Ma,7,9,3702.22,3189.5742
26,f,10,Ma,7,9,3139.62,3189.5742
26,f,10,Ma,7,9,3554.5,3189.5742
26,f,10,Ma,7,9,2987.26,3189.5742
26,f,10,Ma,8,8,3469.32,3191.7683
25,f,11,Ma,7,8,3066.67,3196.581
25,f,11,Ma,7,8,3633.63,3196.581
32,f,9,Ma,7,7,3693.73,3198.1357
27,f,6,PhD,8,8,3251.19,3200.455
27,f,6,PhD,8,8,3590.31,3200.455
30,f,8,Ma,9,8,3243.72,3200.59
28,f,8,PhD,5,7,3773.55,3202.814
31,f,10,Ma,6,7,3327.91,3202.9482
29,f,9,Ma,7,9,3289.83,3203.209
29,f,9,Ma,7,9,3199.12,3203.209
29,f,9,Ma,7,9,3632.24,3203.209
29,f,9,Ma,7,9,3438.77,3203.209
24,f,12,Ma,7,7,3217.62,3203.5881
22,f,11,Ma,8,9,3075.3,3203.8486
22,f,11,Ma,8,9,3138.82,3203.8486
29,f,9,Ma,8,8,3108.3,3205.4033
29,f,9,Ma,8,8,2586.98,3205.4033
29,f,9,Ma,8,8,2652.71,3205.4033
29,f,9,Ma,8,8,3186.73,3205.4033
29,f,9,Ma,8,8,3604.3,3205.4033
29,f,9,Ma,8,8,3316.22,3205.4033
29,f,9,Ma,8,8,2280.78,3205.4033
25,f,8,PhD,6,8,3407.73,3210.081
25,f,8,PhD,6,8,3085.01,3210.081
28,f,10,Ma,7,8,3841.61,3210.2158
28,f,10,Ma,7,8,3374.88,3210.2158
28,f,10,Ma,7,8,2761.18,3210.2158
25,f,8,PhD,7,7,2716.35,3212.275
26,f,9,Ma,9,9,2951.47,3212.6704
26,f,9,Ma,9,9,3360.8,3212.6704
27,f,11,Ma,5,9,3321.62,3212.835
27,f,11,Ma,6,8,3744.31,3215.0288
27,f,11,Ma,6,8,3770.81,3215.0288
25,f,10,Ma,7,10,3108.06,3215.2896
25,f,10,Ma,7,10,3206.66,3215.2896
32,f,8,Ma,7,9,3268.86,3216.8438
24,f,9,PhD,6,7,3180.42,3217.0881
25,f,10,Ma,8,9,2948.52,3217.483
25,f,10,Ma,8,9,3457.72,3217.483
25,f,10,Ma,8,9,3611.4,3217.4834
25,f,10,Ma,8,9,3273.09,3217.4834
25,f,10,Ma,9,8,3385.84,3219.6772
25,f,10,Ma,9,8,3202.18,3219.6772
25,f,10,Ma,9,8,3261.01,3219.6772
25,f,10,Ma,9,8,4009.69,3219.6772
26,f,12,Ma,5,8,3560.94,3219.8418
26,f,12,Ma,6,7,3168.49,3222.0356
24,f,11,Ma,7,9,4041.86,3222.2964
24,f,11,Ma,7,9,3211.49,3222.2964
31,f,9,Ma,7,8,3066.02,3223.8506
23,f,10,PhD,6,6,3294.69,3224.095
24,f,11,Ma,8,8,3291.49,3224.4902
24,f,11,Ma,8,8,3245.9,3224.4902
24,f,11,Ma,9,7,3212.12,3226.684
30,f,10,Ma,6,8,3582.72,3228.6636
23,f,12,Ma,7,8,3620.31,3229.303
21,f,11,Ma,8,10,3133.25,3229.564
30,f,10,Ma,7,7,3105.01,3230.8577
25,f,7,PhD,7,9,3343.88,3230.9834
28,f,9,Ma,8,9,3409.1,3231.1184
29,f,11,Ma,6,7,3070.83,3235.6704
27,f,10,Ma,7,9,3066.54,3235.9307
27,f,10,Ma,7,9,3502.58,3235.9307
27,f,10,Ma,7,9,3637.57,3235.9307
27,f,10,Ma,7,9,2813.82,3235.9307
26,f,9,PhD,6,6,3718.05,3237.7297
27,f,10,Ma,8,8,3633.77,3238.1248
27,f,10,Ma,8,8,3005.27,3238.1248
27,f,10,Ma,8,8,3301.08,3238.1248
25,f,9,Ma,9,10,3298.79,3238.3855
26,f,11,Ma,6,9,3478.56,3240.7437
31,f,8,Ma,7,10,3537.33,3242.5586
31,f,8,Ma,8,9,2777.1,3244.753
26,f,11,Ma,8,7,3357.91,3245.132
26,f,11,Ma,8,7,3784.82,3245.132
24,f,10,Ma,9,9,3341.5,3245.3923
28,f,6,PhD,8,8,3335.91,3246.8123
31,f,8,Ma,9,8,3719.55,3246.9468
31,f,8,Ma,9,8,2643.82,3246.9468
32,f,10,Ma,6,7,3773.81,3249.3052
30,f,9,Ma,7,9,3377.58,3249.5657
30,f,9,Ma,7,9,3332.02,3249.5657
30,f,9,Ma,7,9,3216.44,3249.5657
30,f,9,Ma,7,9,3244.89,3249.566
30,f,9,Ma,8,8,3361.97,3251.7598
29,f,10,Ma,7,8,3300.53,3256.5728
29,f,10,Ma,7,8,3644.68,3256.5728
29,f,10,Ma,7,8,3474.94,3256.5728
29,f,10,Ma,7,8,3316.15,3256.5728
29,f,10,Ma,8,7,3400.93,3258.7666
29,f,10,Ma,8,7,3635.11,3258.7666
26,f,8,PhD,8,6,3246.66,3260.826
28,f,11,Ma,6,8,3615.76,3261.3855
25,f,9,PhD,6,7,3534.89,3263.4446
28,f,11,Ma,7,7,3568.39,3263.5796
28,f,11,Ma,7,7,3476.57,3263.5796
26,f,10,Ma,8,9,3072.79,3263.84
26,f,10,Ma,8,9,2567.55,3263.84
33,f,8,Ma,8,8,3015.84,3265.3945
23,f,8,PhD,8,8,3140.6,3265.8994
26,f,10,Ma,9,8,3617.89,3266.0342
29,f,7,PhD,6,8,3833.35,3270.0728
32,f,9,Ma,7,8,2777.58,3270.207
30,f,8,Ma,8,10,3298.48,3270.4678
25,f,11,Ma,8,8,3274.16,3270.8472
25,f,11,Ma,8,8,3788.85,3270.8472
30,f,8,Ma,9,9,3149.18,3272.6616
29,f,9,Ma,7,10,2675.0,3275.2808
26,f,13,Ma,6,6,4095.72,3275.3994
28,f,8,PhD,6,7,3406.31,3277.0796
31,f,10,Ma,7,7,3461.93,3277.2139
26,f,7,PhD,7,9,3439.64,3277.3403
26,f,7,PhD,7,9,3396.03,3277.3403
29,f,9,Ma,8,9,3067.58,3277.475
29,f,9,Ma,8,9,3266.02,3277.475
29,f,9,Ma,8,9,3191.03,3277.475
29,f,9,Ma,8,9,3743.35,3277.475
29,f,9,Ma,8,9,3119.15,3277.475
29,f,9,Ma,8,9,3468.93,3277.475
29,f,9,Ma,8,9,3317.5,3277.475
28,f,8,PhD,7,6,4279.93,3279.2737
26,f,7,PhD,8,8,3316.81,3279.5342
29,f,9,Ma,9,8,3006.34,3279.669
23,f,13,Ma,6,8,3258.95,3280.4727
30,f,11,Ma,6,7,3217.04,3282.0273
28,f,10,Ma,7,9,3326.82,3282.2876
28,f,10,Ma,7,9,3358.91,3282.2876
28,f,10,Ma,7,9,3543.36,3282.2876
28,f,10,Ma,7,9,3194.08,3282.2876
25,f,8,PhD,7,8,3536.76,3284.3472
25,f,8,PhD,7,8,3632.58,3284.3472
28,f,10,Ma,8,8,3342.27,3284.4814
28,f,10,Ma,8,8,2871.55,3284.4814
28,f,10,Ma,8,8,3207.87,3284.4814
25,f,8,PhD,8,7,3707.28,3286.541
28,f,10,Ma,9,7,3484.92,3286.6758
29,f,12,Ma,5,7,3259.78,3286.8403
27,f,11,Ma,7,8,3352.39,3289.2944
27,f,11,Ma,7,8,4266.86,3289.2944
27,f,11,Ma,7,8,3451.92,3289.2944
25,f,10,Ma,8,10,3078.59,3289.555
32,f,8,Ma,8,9,3351.23,3291.1094
27,f,11,Ma,8,7,3539.21,3291.4883
27,f,11,Ma,8,7,3460.17,3291.4883
27,f,11,Ma,8,7,3481.02,3291.4883
31,f,9,Ma,7,9,3035.14,3295.9226
31,f,9,Ma,7,9,3245.19,3295.9226
31,f,9,Ma,7,9,3039.66,3295.9226
23,f,10,PhD,6,7,3701.36,3296.167
24,f,11,Ma,8,9,3159.74,3296.562
24,f,11,Ma,8,9,3240.33,3296.562
24,f,11,Ma,8,9,2617.5,3296.562
29,f,9,PhD,5,6,3441.11,3302.5342
28,f,9,Ma,8,10,2788.94,3303.19
30,f,10,Ma,8,7,2887.01,3305.123
30,f,10,Ma,8,7,3427.24,3305.123
27,f,10,Ma,7,10,3142.1,3308.0027
26,f,9,PhD,6,7,3555.55,3309.8018
26,f,9,PhD,6,7,4094.17,3309.8018
29,f,11,Ma,7,7,3057.89,3309.9365
29,f,11,Ma,7,7,3859.52,3309.9365
27,f,10,Ma,8,9,3039.52,3310.1968
27,f,10,Ma,8,9,3414.0,3310.1968
27,f,10,Ma,8,9,3088.85,3310.1968
27,f,10,Ma,8,9,3267.52,3310.1968
27,f,10,Ma,8,9,2849.69,3310.1968
27,f,10,Ma,8,9,3402.05,3310.1968
27,f,10,Ma,8,9,3110.26,3310.1968
24,f,8,PhD,8,8,4131.57,3312.2563
24,f,8,PhD,8,8,3727.66,3312.2563
27,f,10,Ma,9,8,3700.85,3312.3909
27,f,10,Ma,9,8,3589.88,3312.3909
27,f,10,Ma,9,8,3574.78,3312.3909
28,f,12,Ma,6,7,3730.33,3314.7493
26,f,11,Ma,7,9,3295.66,3315.0098
26,f,11,Ma,7,9,3658.38,3315.0098
26,f,11,Ma,7,9,3487.34,3315.0098
33,f,9,Ma,7,8,3508.61,3316.5642
26,f,11,Ma,8,8,3013.93,3317.2036
26,f,11,Ma,8,8,3363.22,3317.2036
26,f,11,Ma,8,8,3314.84,3317.2036
26,f,11,Ma,8,8,3035.24,3317.2036
28,f,6,PhD,8,9,3316.01,3318.884
30,f,9,Ma,7,10,3500.78,3321.6375
25,f,12,Ma,7,8,3810.49,3322.0166
29,f,8,PhD,6,7,4137.23,3323.436
27,f,7,PhD,7,9,3396.88,3323.6968
30,f,9,Ma,8,9,3457.5,3323.8315
30,f,9,Ma,8,9,3328.89,3323.8315
25,f,12,Ma,8,7,3348.32,3324.211
25,f,12,Ma,8,7,3192.53,3324.211
29,f,10,Ma,7,9,3304.83,3328.6445
29,f,10,Ma,7,9,3232.57,3328.6445
29,f,10,Ma,7,9,2718.8,3328.6445
29,f,10,Ma,7,9,3077.06,3328.6445
29,f,10,Ma,7,9,3219.35,3328.6445
29,f,10,Ma,7,9,3098.23,3328.6445
26,f,8,PhD,7,8,3552.45,3330.704
26,f,8,PhD,7,8,3420.51,3330.704
26,f,8,PhD,7,8,3583.85,3330.704
26,f,8,PhD,7,8,3385.76,3330.704
29,f,10,Ma,8,8,2746.92,3330.8386
29,f,10,Ma,8,8,3393.2,3330.8386
29,f,10,Ma,8,8,3244.69,3330.8386
27,f,9,Ma,9,10,3073.14,3331.099
26,f,8,PhD,8,7,3181.21,3332.898
29,f,10,Ma,9,7,2715.55,3333.0325
28,f,11,Ma,6,9,3504.61,3333.4573
30,f,12,Ma,6,6,3754.06,3335.3909
28,f,11,Ma,7,8,3678.87,3335.6516
28,f,11,Ma,7,8,3654.66,3335.6516
28,f,11,Ma,7,8,3397.49,3335.6516
28,f,11,Ma,7,8,3334.42,3335.6516
26,f,10,Ma,8,10,2822.17,3335.9116
25,f,9,PhD,7,7,4407.49,3337.7104
28,f,11,Ma,8,7,3597.7,3337.8455
25,f,11,Ma,7,10,3879.85,3340.725
29,f,7,PhD,6,9,3786.16,3342.1445
32,f,9,Ma,7,9,2761.94,3342.2793
27,f,12,Ma,7,7,3883.19,3342.6584
25,f,11,Ma,8,9,3290.99,3342.919
25,f,11,Ma,8,9,2645.78,3342.919
29,f,7,PhD,7,8,3354.32,3344.3389
29,f,7,PhD,7,8,3537.43,3344.3389
22,f,9,PhD,8,8,3781.97,3344.9783
27,f,6,PhD,9,9,3493.69,3346.7932
31,f,10,Ma,6,9,3653.45,3347.0923
31,f,10,Ma,7,8,3325.86,3349.2861
31,f,10,Ma,7,8,3109.8,3349.2861
31,f,10,Ma,7,8,3456.99,3349.2861
26,f,7,PhD,7,10,3140.96,3349.412
29,f,9,Ma,8,10,3166.1,3349.5464
24,f,12,Ma,8,8,3268.18,3349.9258
31,f,10,Ma,8,7,3036.22,3351.4805
28,f,8,PhD,8,6,3136.2,3353.5396
28,f,10,Ma,7,10,3334.8,3354.3599
28,f,10,Ma,7,10,3009.01,3354.3599
30,f,11,Ma,7,7,4065.78,3356.2932
30,f,11,Ma,7,7,2546.98,3356.2932
25,f,8,PhD,7,9,3910.05,3356.419
25,f,8,PhD,7,9,3499.11,3356.419
28,f,10,Ma,8,9,3531.56,3356.5532
23,f,13,Ma,8,7,3696.56,3356.9329
28,f,10,Ma,9,8,3271.67,3358.7476
28,f,10,Ma,9,8,3554.98,3358.7476
26,f,9,Ma,10,10,2818.05,3359.0083
29,f,12,Ma,6,7,3683.71,3361.106
27,f,11,Ma,7,9,3082.06,3361.3667
27,f,11,Ma,7,9,3510.46,3361.3667
27,f,11,Ma,7,9,3521.04,3361.3667
27,f,11,Ma,7,9,3332.47,3361.3667
27,f,11,Ma,7,9,4124.6,3361.3667
24,f,9,PhD,7,8,3490.19,3363.4258
33,f,10,Ma,6,8,2748.98,3367.734
31,f,9,Ma,7,10,3039.82,3367.9941
26,f,12,Ma,7,8,3529.45,3368.3735
28,f,7,PhD,7,9,3336.93,3370.0537
28,f,7,PhD,7,9,3625.89,3370.0537
28,f,7,PhD,7,9,3542.19,3370.0537
28,f,7,PhD,7,9,3132.43,3370.0537
25,f,11,PhD,6,5,3647.56,3370.1719
31,f,9,Ma,8,9,3069.39,3370.1882
31,f,9,Ma,8,9,2794.05,3370.1882
31,f,9,Ma,8,9,3449.75,3370.1882
31,f,9,Ma,8,9,2497.44,3370.1882
26,f,12,Ma,8,7,3208.37,3370.5674
26,f,12,Ma,8,7,3502.9,3370.5674
31,f,9,Ma,9,8,3269.69,3372.3823
31,f,9,Ma,9,8,3583.69,3372.3823
31,f,9,Ma,9,8,3276.86,3372.3823
29,f,9,PhD,5,7,3935.94,3374.606
30,f,10,Ma,7,9,2996.34,3375.0015
23,f,12,Ma,8,9,3511.6,3375.641
27,f,8,PhD,7,8,3858.11,3377.0605
27,f,8,PhD,7,8,3839.21,3377.0605
30,f,10,Ma,8,8,3488.99,3377.1953
30,f,10,Ma,8,8,2919.24,3377.1953
27,f,8,PhD,8,7,3655.09,3379.2546
29,f,11,Ma,7,8,3460.13,3382.0083
29,f,11,Ma,7,8,3048.88,3382.0083
29,f,11,Ma,7,8,3388.77,3382.0083
29,f,11,Ma,8,7,3504.16,3384.2021
29,f,11,Ma,8,7,3503.89,3384.2021
29,f,11,Ma,8,7,3168.03,3384.2021
29,f,11,Ma,8,7,3623.55,3384.2021
27,f,10,Ma,9,9,3625.11,3384.4624
24,f,8,PhD,9,8,4491.03,3386.522
26,f,11,Ma,7,10,3711.73,3387.0815
33,f,9,Ma,7,9,3209.62,3388.636
28,f,12,Ma,7,7,3208.19,3389.0151
26,f,11,Ma,8,9,3305.81,3389.2756
26,f,11,Ma,8,9,3302.36,3389.2756
26,f,11,Ma,8,9,3220.26,3389.2756
30,f,7,PhD,7,8,3590.54,3390.6953
23,f,9,PhD,8,8,3744.2,3391.335
23,f,9,PhD,8,8,4141.48,3391.335
26,f,11,Ma,9,8,3496.76,3391.4695
29,f,8,PhD,5,9,3596.23,3393.3145
25,f,12,Ma,7,9,4178.6,3394.0889
25,f,12,Ma,7,9,3895.24,3394.0889
32,f,10,Ma,7,8,3050.24,3395.6426
30,f,9,Ma,8,10,3432.47,3395.9033
25,f,12,Ma,8,8,3743.21,3396.2827
29,f,8,PhD,7,7,3952.29,3397.7021
30,f,9,Ma,9,9,3310.74,3398.0977
31,f,11,Ma,6,8,3824.59,3400.4558
29,f,10,Ma,7,10,3569.72,3400.716
29,f,10,Ma,7,10,3742.43,3400.716
22,f,12,Ma,8,10,3276.31,3401.356
26,f,8,PhD,7,9,3213.6,3402.7756
26,f,8,PhD,7,9,4007.95,3402.7756
26,f,8,PhD,7,9,3891.04,3402.7756
29,f,10,Ma,8,9,3406.28,3402.9104
29,f,10,Ma,8,9,3149.36,3402.9104
28,f,9,PhD,7,6,3703.0,3404.709
26,f,8,PhD,8,8,3853.73,3404.9697
29,f,10,Ma,9,8,2906.79,3405.1045
29,f,10,Ma,9,8,2864.08,3405.1045
29,f,10,Ma,9,8,3162.26,3405.1045
26,f,8,PhD,9,7,3759.78,3407.1636
28,f,11,Ma,7,9,3143.11,3407.7234
28,f,11,Ma,7,9,3210.94,3407.7234
28,f,11,Ma,7,9,3093.78,3407.7234
28,f,11,Ma,7,9,3463.06,3407.7234
28,f,11,Ma,7,9,3100.57,3407.7234
28,f,11,Ma,7,9,3088.96,3407.7234
25,f,9,PhD,7,8,3916.27,3409.7825
25,f,9,PhD,7,8,3712.55,3409.7825
28,f,11,Ma,8,8,3401.33,3409.9175
28,f,11,Ma,8,8,3596.96,3409.9175
30,f,6,PhD,8,9,3803.78,3411.5977
27,f,12,Ma,6,9,3757.4,3412.5364
24,f,10,PhD,6,8,3796.21,3414.5957
27,f,12,Ma,7,8,4080.32,3414.7302
24,f,10,PhD,7,7,3991.04,3416.7896
24,f,10,PhD,7,7,3540.86,3416.7896
25,f,11,Ma,9,9,3234.56,3417.1846
24,f,10,PhD,8,6,4094.16,3418.9834
22,f,9,PhD,9,8,3242.19,3419.2441
28,f,8,PhD,6,9,3377.94,3421.2231
31,f,10,Ma,7,9,3676.45,3421.358
31,f,10,Ma,7,9,3048.65,3421.358
31,f,10,Ma,7,9,3058.74,3421.358
24,f,12,Ma,8,9,3598.09,3421.9973
28,f,8,PhD,7,8,3518.73,3423.4175
28,f,8,PhD,7,8,3585.28,3423.4175
28,f,8,PhD,7,8,3350.26,3423.4175
28,f,8,PhD,7,8,3386.17,3423.4175
28,f,8,PhD,7,8,4008.5,3423.4175
31,f,10,Ma,8,8,3559.24,3423.5518
31,f,10,Ma,8,8,3587.35,3423.5518
29,f,9,Ma,9,10,2982.43,3423.8125
29,f,9,Ma,9,10,3343.51,3423.8125
29,f,9,Ma,9,10,3167.5,3423.8125
23,f,13,Ma,7,9,3720.58,3426.8105
30,f,11,Ma,7,8,2833.09,3428.365
30,f,11,Ma,7,8,3980.85,3428.365
27,f,9,PhD,7,7,3508.78,3430.4243
27,f,9,PhD,7,7,4133.31,3430.4243
29,f,12,Ma,6,8,3089.09,3433.1777
29,f,12,Ma,6,8,3300.62,3433.1777
26,f,10,PhD,6,7,3664.83,3435.2373
24,f,9,PhD,7,9,3648.5,3435.4976
27,f,11,Ma,8,9,3234.23,3435.6323
27,f,11,Ma,8,9,3843.01,3435.6323
27,f,11,Ma,8,9,3611.39,3435.6323
31,f,7,PhD,7,8,3182.65,3437.052
31,f,7,PhD,7,8,3021.76,3437.052
26,f,10,PhD,7,6,3305.83,3437.4312
24,f,9,PhD,8,8,3735.17,3437.692
24,f,9,PhD,8,8,3306.59,3437.692
26,f,12,Ma,7,9,3721.77,3440.4453
26,f,12,Ma,7,9,3455.78,3440.4453
33,f,10,Ma,7,8,3411.09,3441.9995
23,f,10,PhD,7,8,3818.22,3442.5046
23,f,10,PhD,7,8,3615.95,3442.5046
26,f,12,Ma,8,8,3135.11,3442.6392
33,f,10,Ma,8,7,3285.63,3444.1934
30,f,10,Ma,7,10,3404.82,3447.0728
30,f,10,Ma,7,10,3083.93,3447.0728
32,f,11,Ma,7,7,3241.12,3449.0063
30,f,10,Ma,8,9,3242.0,3449.267
30,f,10,Ma,8,9,2936.2,3449.267
30,f,10,Ma,8,9,3634.75,3449.267
27,f,8,PhD,8,8,3535.63,3451.3267
27,f,8,PhD,8,8,3304.27,3451.3267
27,f,8,PhD,8,8,4146.19,3451.3267
27,f,8,PhD,8,8,3842.33,3451.3267
27,f,8,PhD,8,8,3939.15,3451.3267
30,f,10,Ma,9,8,2630.74,3451.461
30,f,10,Ma,9,8,2814.19,3451.461
26,f,9,PhD,6,9,4026.86,3453.9453
26,f,9,PhD,6,9,3129.99,3453.9453
29,f,11,Ma,7,9,3233.06,3454.08
29,f,11,Ma,7,9,3526.75,3454.08
26,f,9,PhD,7,8,3352.86,3456.1392
29,f,11,Ma,8,8,3087.89,3456.274
29,f,11,Ma,8,8,4308.9,3456.274
29,f,11,Ma,8,8,3584.12,3456.274
33,f,7,PhD,7,7,3408.49,3457.6936
25,f,10,PhD,6,8,4291.43,3460.9521
28,f,12,Ma,7,8,3671.13,3461.087
28,f,12,Ma,7,8,3042.55,3461.087
28,f,12,Ma,7,8,3633.03,3461.087
26,f,11,Ma,8,10,3235.15,3461.3474
26,f,11,Ma,8,10,3291.67,3461.3474
26,f,11,Ma,8,10,3037.74,3461.3474
33,f,9,Ma,8,9,3271.57,3462.9016
23,f,9,PhD,8,9,3254.5,3463.4067
26,f,11,Ma,9,9,3207.56,3463.5415
26,f,11,Ma,9,9,3834.02,3463.5415
27,f,13,Ma,5,9,3324.57,3463.706
29,f,8,PhD,5,10,2803.18,3465.386
23,f,9,PhD,9,8,4336.3,3465.601
32,f,10,Ma,7,9,3441.62,3467.7144
25,f,12,Ma,8,9,4158.41,3468.3545
25,f,12,Ma,8,9,3678.64,3468.3545
25,f,12,Ma,8,9,3575.29,3468.3545
25,f,12,Ma,8,9,3670.35,3468.3545
32,f,10,Ma,8,8,3258.91,3469.9087
30,f,9,Ma,9,10,3602.7,3470.1694
22,f,10,PhD,8,8,3785.09,3470.4138
25,f,12,Ma,9,8,3229.57,3470.5483
31,f,11,Ma,6,9,3160.07,3472.5276
26,f,14,Ma,6,7,4039.69,3472.9067
28,f,9,PhD,6,8,3558.33,3474.587
28,f,9,PhD,6,8,3430.73,3474.587
31,f,11,Ma,7,8,3121.39,3474.7214
29,f,10,Ma,8,10,3337.82,3474.982
29,f,10,Ma,8,10,3143.08,3474.982
29,f,10,Ma,8,10,3170.94,3474.982
29,f,10,Ma,8,10,3083.06,3474.982
28,f,9,PhD,7,7,3999.54,3476.7808
30,f,12,Ma,6,8,3799.04,3479.5347
28,f,11,Ma,7,10,3482.99,3479.7952
28,f,11,Ma,7,10,3885.25,3479.7952
27,f,10,PhD,6,7,3509.26,3481.5938
27,f,10,PhD,6,7,4015.69,3481.5938
27,f,10,PhD,6,7,3652.85,3481.5938
30,f,12,Ma,7,7,3324.74,3481.7288
25,f,9,PhD,7,9,3647.93,3481.8545
25,f,9,PhD,7,9,3439.91,3481.8545
25,f,9,PhD,7,9,3709.39,3481.8545
28,f,11,Ma,8,9,3187.02,3481.989
28,f,11,Ma,8,9,2971.1,3481.989
28,f,11,Ma,8,9,2858.66,3481.989
28,f,11,Ma,8,9,3963.12,3481.989
28,f,11,Ma,8,9,2929.66,3481.989
25,f,9,PhD,8,8,4080.84,3484.0483
25,f,9,PhD,9,7,4438.1,3486.2424
25,f,9,PhD,9,7,3948.74,3486.2424
27,f,12,Ma,7,9,3344.01,3486.802
27,f,12,Ma,7,9,3681.72,3486.8022
27,f,12,Ma,7,9,3987.88,3486.8022
34,f,10,Ma,7,8,4060.81,3488.3564
32,f,9,Ma,8,10,3157.07,3488.6167
24,f,10,PhD,7,8,3146.92,3488.8613
24,f,10,PhD,7,8,3616.5,3488.8613
24,f,10,PhD,7,8,4175.15,3488.8613
24,f,10,PhD,7,8,3666.55,3488.8613
24,f,10,PhD,7,8,3717.54,3488.8613
27,f,12,Ma,8,8,2870.07,3488.9958
27,f,12,Ma,8,8,2933.6,3488.9958
31,f,8,PhD,7,7,3855.72,3490.4158
29,f,7,PhD,8,9,3808.06,3490.6763
29,f,7,PhD,8,9,3491.67,3490.6763
22,f,9,PhD,9,9,3597.45,3491.316
31,f,10,Ma,7,10,2448.07,3493.4297
26,f,13,Ma,7,8,3495.5,3493.8086
24,f,12,Ma,8,10,3952.6,3494.0696
28,f,8,PhD,7,9,3643.4,3495.4893
28,f,8,PhD,7,9,3157.63,3495.4893
31,f,10,Ma,8,9,3474.54,3495.6235
24,f,12,Ma,9,9,3339.24,3496.2637
24,f,12,Ma,9,9,3082.5,3496.2637
28,f,8,PhD,8,8,3215.08,3497.6836
23,f,13,Ma,7,10,3233.59,3498.8823
30,f,11,Ma,7,9,3076.32,3500.4365
23,f,13,Ma,8,9,3075.52,3501.0762
29,f,10,PhD,6,6,3785.68,3502.2358
29,f,10,PhD,6,6,3835.72,3502.2358
27,f,9,PhD,7,8,3394.94,3502.496
27,f,9,PhD,7,8,3398.1,3502.496
27,f,9,PhD,7,8,3814.79,3502.496
27,f,9,PhD,7,8,3100.59,3502.496
27,f,9,PhD,7,8,2944.93,3502.496
30,f,11,Ma,8,8,3451.34,3502.6309
30,f,11,Ma,8,8,2813.98,3502.6309
30,f,11,Ma,8,8,2921.42,3502.6309
27,f,9,PhD,8,7,3686.21,3504.69
27,f,9,PhD,8,7,3602.69,3504.69
26,f,10,PhD,6,8,3533.3,3507.309
27,f,11,Ma,8,10,3384.87,3507.704
27,f,11,Ma,8,10,3324.57,3507.704
31,f,7,PhD,7,9,2940.03,3509.124
24,f,9,PhD,8,9,3479.74,3509.7637
27,f,11,Ma,9,9,3716.23,3509.8984
24,f,9,PhD,9,8,3815.87,3511.9575
26,f,12,Ma,8,9,3525.63,3514.7112
33,f,10,Ma,8,8,3050.48,3516.2651
23,f,10,PhD,8,8,3935.97,3516.7705
23,f,10,PhD,8,8,3860.21,3516.7705
23,f,10,PhD,8,8,3903.02,3516.7705
30,f,8,PhD,8,7,4001.08,3518.325
22,f,11,PhD,7,8,4191.6,3521.5835
27,f,8,PhD,8,9,3670.6,3523.3984
27,f,8,PhD,8,9,2617.21,3523.3984
30,f,10,Ma,9,9,3685.1,3523.5327
27,f,8,PhD,9,8,2890.31,3525.5923
30,f,10,Ma,10,8,3967.6,3525.7268
29,f,11,Ma,7,10,3378.55,3526.1519
29,f,11,Ma,7,10,3271.07,3526.1519
24,f,14,Ma,7,8,3460.78,3526.531
28,f,10,PhD,6,7,4171.28,3527.9507
26,f,9,PhD,7,9,3435.46,3528.211
26,f,9,PhD,7,9,3816.77,3528.211
29,f,11,Ma,8,9,3082.05,3528.3457
29,f,11,Ma,8,9,3176.24,3528.3457
26,f,9,PhD,8,8,3007.55,3530.4053
26,f,9,PhD,8,8,4010.8,3530.4053
26,f,9,PhD,8,8,3386.77,3530.4053
28,f,12,Ma,7,9,3167.71,3533.1587
28,f,12,Ma,7,9,3241.48,3533.1587
28,f,12,Ma,7,9,3858.99,3533.1587
35,f,10,Ma,7,8,3775.38,3534.713
27,f,11,PhD,6,6,3738.5,3534.9575
25,f,10,PhD,7,8,3815.64,3535.218
25,f,10,PhD,7,8,3855.82,3535.218
28,f,12,Ma,8,8,4028.1,3535.353
28,f,12,Ma,8,8,4100.11,3535.353
28,f,12,Ma,8,8,3720.83,3535.353
30,f,7,PhD,8,9,3400.96,3537.0332
30,f,7,PhD,8,9,3532.85,3537.0332
30,f,7,PhD,8,9,3065.13,3537.0332
25,f,10,PhD,8,7,4339.7,3537.412
25,f,10,PhD,8,7,3967.09,3537.412
25,f,10,PhD,8,7,3820.62,3537.412
26,f,11,Ma,10,9,3027.78,3537.8071
32,f,10,Ma,7,10,2976.11,3539.7866
27,f,13,Ma,7,8,3621.28,3540.1655
22,f,10,PhD,7,10,3529.34,3540.2915
29,f,8,PhD,7,9,2915.46,3541.846
29,f,8,PhD,7,9,3375.65,3541.846
32,f,10,Ma,8,9,2989.19,3541.9805
29,f,8,PhD,8,8,2975.65,3544.04
31,f,11,Ma,7,9,3676.26,3546.7932
31,f,11,Ma,7,9,3739.42,3546.7932
28,f,9,PhD,7,8,3549.15,3548.8528
28,f,9,PhD,7,8,3525.85,3548.8528
28,f,9,PhD,8,7,3200.05,3551.0469
27,f,10,PhD,6,8,3286.29,3553.6655
25,f,9,PhD,7,10,3649.07,3553.9263
25,f,9,PhD,8,9,3667.38,3556.1204
27,f,12,Ma,7,10,4066.93,3558.8738
31,f,8,PhD,6,9,3008.45,3560.2937
26,f,11,PhD,6,7,3983.69,3560.6726
26,f,11,PhD,6,7,3677.53,3560.6726
26,f,11,PhD,6,7,3150.27,3560.6726
22,m,6,Ma,7,7,3640.19,3560.7937
22,m,6,Ma,7,7,4181.78,3560.7937
27,f,12,Ma,8,9,3294.71,3561.068
27,f,12,Ma,8,9,4232.62,3561.068
24,f,10,PhD,8,8,4116.33,3563.1274
24,f,10,PhD,8,8,3903.21,3563.1274
33,f,11,Ma,7,8,3304.86,3567.435
28,f,8,PhD,7,10,4076.2,3567.561
26,f,13,Ma,8,8,2721.02,3568.0747
26,f,13,Ma,8,8,3557.37,3568.0747
28,f,8,PhD,8,9,3493.73,3569.7551
31,f,10,Ma,9,9,2860.36,3569.8896
30,f,11,Ma,7,10,2913.36,3572.5088
29,f,10,PhD,6,7,3947.67,3574.3071
29,f,10,PhD,6,7,3260.68,3574.3071
32,f,12,Ma,7,7,3208.61,3574.442
32,f,12,Ma,7,7,3428.66,3574.442
27,f,9,PhD,7,9,3615.43,3574.5679
27,f,9,PhD,7,9,3196.44,3574.5679
30,f,11,Ma,8,9,3128.7,3574.7026
30,f,11,Ma,8,9,3136.08,3574.7026
27,f,9,PhD,8,8,3481.63,3576.762
27,f,9,PhD,8,8,3269.79,3576.762
27,f,9,PhD,8,8,3826.59,3576.762
27,f,9,PhD,8,8,3569.45,3576.762
27,f,9,PhD,8,8,3366.75,3576.762
30,f,11,Ma,9,8,3872.25,3576.8965
29,f,12,Ma,7,9,3388.88,3579.5156
29,f,12,Ma,7,9,3543.52,3579.5156
31,f,7,PhD,7,10,3871.1,3581.1958
26,f,10,PhD,7,8,3883.02,3581.575
26,f,10,PhD,7,8,4682.6,3581.575
26,f,10,PhD,7,8,3439.32,3581.575
29,f,12,Ma,8,8,2895.32,3581.7095
29,f,12,Ma,8,8,3320.77,3581.7095
26,f,10,PhD,8,7,3802.75,3583.7688
24,f,9,PhD,9,9,3430.74,3584.0293
24,f,9,PhD,9,9,4086.05,3584.0293
28,f,13,Ma,6,9,3522.39,3584.3286
25,f,11,PhD,7,7,3827.22,3588.5815
23,f,10,PhD,8,9,3801.75,3588.8423
23,f,10,PhD,8,9,4242.49,3588.8423
30,f,8,PhD,8,8,3610.25,3590.3967
32,f,11,Ma,7,9,3549.6,3593.15
31,f,10,PhD,6,6,3731.24,3594.9492
29,f,9,PhD,7,8,4483.51,3595.2095
29,f,9,PhD,7,8,3401.23,3595.2095
29,f,9,PhD,7,8,3696.87,3595.2095
29,f,9,PhD,7,8,3627.74,3595.2095
32,f,11,Ma,8,8,3493.08,3595.3442
32,f,11,Ma,8,8,3151.85,3595.3442
27,f,8,PhD,8,10,3997.85,3595.4702
27,f,8,PhD,9,9,3813.6,3597.6646
28,f,10,PhD,6,8,3688.6,3600.0225
31,f,12,Ma,8,7,3302.53,3602.351
26,f,9,PhD,8,9,3790.42,3602.477
29,f,11,Ma,9,9,2850.73,3602.6118
29,f,11,Ma,9,9,2940.46,3602.6118
29,f,11,Ma,9,9,3225.04,3602.6118
27,f,11,PhD,6,7,4162.93,3607.0293
25,f,10,PhD,7,9,3506.81,3607.29
28,f,12,Ma,8,9,3788.84,3607.4248
32,f,8,PhD,7,8,3219.1,3608.8445
25,f,10,PhD,8,8,4287.13,3609.484
25,f,10,PhD,8,8,3461.59,3609.484
25,f,10,PhD,8,8,3431.52,3609.484
25,f,10,PhD,8,8,3549.89,3609.484
25,f,10,PhD,8,8,3604.98,3609.484
25,f,10,PhD,8,8,3634.45,3609.484
25,f,10,PhD,8,8,4023.69,3609.484
25,f,10,PhD,9,7,4074.29,3611.678
24,f,11,PhD,7,8,4184.6,3614.2969
27,f,13,Ma,8,8,3275.04,3614.4316
25,f,12,Ma,9,10,3383.67,3614.692
29,f,8,PhD,8,9,4208.7,3616.1118
29,f,8,PhD,8,9,3709.16,3616.1118
32,f,10,Ma,9,9,3268.41,3616.2466
24,f,11,PhD,8,7,3952.27,3616.4907
28,f,9,PhD,7,9,3904.29,3620.9248
28,f,9,PhD,7,9,3485.32,3620.9248
28,f,9,PhD,7,9,3638.89,3620.9248
21,f,11,PhD,8,9,3802.58,3621.5645
28,f,9,PhD,8,8,4046.72,3623.1187
28,f,9,PhD,8,8,2978.11,3623.1187
26,f,8,PhD,9,10,3669.94,3623.3794
27,f,10,PhD,6,9,4224.22,3625.7375
30,f,12,Ma,7,9,3925.79,3625.8726
25,m,6,Ma,7,6,4218.87,3627.7922
27,f,10,PhD,7,8,3995.71,3627.9316
27,f,10,PhD,7,8,3668.08,3627.9316
27,f,10,PhD,7,8,3738.42,3627.9316
27,f,10,PhD,7,8,3934.7,3627.9316
27,f,10,PhD,7,8,3351.74,3627.9316
30,f,12,Ma,8,8,3700.93,3628.0662
30,f,12,Ma,8,8,4075.42,3628.0662
28,f,11,Ma,9,10,3167.41,3628.327
25,f,9,PhD,9,9,3293.48,3630.386
28,f,11,Ma,10,9,3977.43,3630.521
27,f,10,PhD,9,6,3764.36,3632.3198
24,f,10,PhD,7,10,4153.5,3633.0051
24,f,10,PhD,8,9,3353.25,3635.1992
24,f,10,PhD,8,9,3578.26,3635.1992
27,f,12,Ma,9,9,3383.17,3635.3337
30,f,9,PhD,7,8,3458.5,3641.5664
30,f,9,PhD,7,8,3596.69,3641.5664
28,f,8,PhD,8,10,3099.46,3641.8271
29,f,10,PhD,7,7,3630.97,3648.5732
27,f,9,PhD,8,9,3362.12,3648.8335
27,f,9,PhD,9,8,3168.22,3651.0278
28,f,11,PhD,5,8,3666.33,3651.1924
28,f,11,PhD,6,7,3946.95,3653.386
28,f,11,PhD,6,7,3625.13,3653.386
26,f,10,PhD,7,9,3444.66,3653.6467
26,f,10,PhD,7,9,3734.83,3653.6467
29,f,12,Ma,8,9,3170.77,3653.7815
29,f,12,Ma,8,9,3338.97,3653.7815
26,f,10,PhD,8,8,3252.35,3655.8408
29,f,12,Ma,9,8,2932.82,3655.9756
28,f,13,Ma,7,9,3661.04,3658.5945
28,f,13,Ma,7,9,3484.99,3658.5945
25,f,11,PhD,7,8,4226.26,3660.6536
25,f,11,PhD,7,8,3868.58,3660.6536
25,f,11,PhD,7,8,3725.86,3660.6538
30,f,8,PhD,8,9,3590.45,3662.4688
30,f,8,PhD,8,9,3099.44,3662.4688
30,f,8,PhD,9,8,3965.05,3664.6626
29,f,9,PhD,7,9,3402.98,3667.2812
29,f,9,PhD,7,9,3962.83,3667.2815
29,f,9,PhD,8,8,3676.62,3669.4756
29,f,9,PhD,8,8,3345.14,3669.4756
29,f,9,PhD,8,8,3381.51,3669.4756
29,f,9,PhD,8,8,3466.11,3669.4756
29,f,9,PhD,8,8,3420.88,3669.4756
32,f,11,Ma,9,8,3274.75,3669.6104
32,f,11,Ma,9,8,2886.44,3669.6104
31,f,12,Ma,7,9,3968.93,3672.2292
31,f,12,Ma,7,9,3129.12,3672.2292
31,f,12,Ma,7,9,3489.18,3672.2292
31,f,12,Ma,7,9,3729.92,3672.2292
31,f,12,Ma,7,9,3072.77,3672.2292
28,f,10,PhD,7,8,3575.66,3674.2883
28,f,10,PhD,7,8,3607.88,3674.2883
28,f,10,PhD,7,8,3524.49,3674.2883
28,f,10,PhD,7,8,4290.09,3674.2883
31,f,12,Ma,8,8,3251.45,3674.4229
26,f,9,PhD,8,10,3904.06,3674.5488
30,f,13,Ma,7,8,3558.47,3679.2358
25,f,10,PhD,7,10,3814.64,3679.3618
32,f,8,PhD,7,9,4334.24,3680.9163
27,f,11,PhD,7,7,4018.06,3681.2952
27,f,11,PhD,7,7,3581.65,3681.2952
27,f,11,PhD,7,7,4146.21,3681.2952
27,f,11,PhD,7,7,4001.55,3681.2952
25,f,10,PhD,8,9,3896.23,3681.5557
25,f,10,PhD,9,8,4295.77,3683.7495
27,f,13,Ma,7,10,3512.33,3684.309
27,f,13,Ma,7,10,3354.09,3684.309
34,f,11,Ma,7,9,3584.52,3685.8638
26,f,12,PhD,6,7,4434.37,3686.108
24,f,11,PhD,8,8,4126.43,3688.5625
23,f,12,PhD,6,9,3647.47,3691.1816
30,f,10,PhD,6,8,4015.16,3692.7358
30,f,10,PhD,6,8,3641.4,3692.7358
28,f,9,PhD,7,10,3559.54,3692.9963
28,f,9,PhD,7,10,3999.6,3692.9963
23,f,12,PhD,7,8,3556.45,3693.3757
26,f,14,Ma,8,8,4447.61,3693.5103
30,f,10,PhD,7,7,3291.79,3694.9302
30,f,10,PhD,7,7,3166.37,3694.9302
28,f,9,PhD,8,9,3524.52,3695.1904
28,f,9,PhD,8,9,3631.98,3695.1904
28,f,9,PhD,8,9,3796.73,3695.1904
28,f,9,PhD,8,9,3796.23,3695.1904
28,f,9,PhD,8,9,3307.32,3695.1904
28,f,9,PhD,8,9,3626.3,3695.1904
28,f,9,PhD,8,9,3183.41,3695.1904
28,f,9,PhD,9,8,3723.31,3697.3843
28,f,9,PhD,9,8,3846.42,3697.3843
30,f,12,Ma,7,10,3463.12,3697.944
27,f,10,PhD,7,9,3548.02,3700.0034
27,f,10,PhD,7,9,3011.46,3700.0034
30,f,12,Ma,8,9,3644.54,3700.1382
30,f,12,Ma,8,9,3261.4,3700.1382
32,f,7,PhD,8,10,3247.72,3701.8184
27,f,10,PhD,8,8,3328.04,3702.1973
24,m,7,Ma,6,7,4154.3,3704.6772
29,f,13,Ma,7,9,2969.46,3704.9512
26,f,11,PhD,7,8,3387.66,3707.0103
24,f,10,PhD,8,10,3762.57,3707.271
24,f,10,PhD,9,9,3933.14,3709.465
27,f,12,Ma,10,9,3544.35,3709.5996
30,f,9,PhD,7,9,3680.22,3713.6382
25,f,12,PhD,7,7,3963.72,3714.0173
23,f,11,PhD,8,9,3496.08,3714.2778
23,f,11,PhD,8,9,3753.84,3714.2778
30,f,9,PhD,8,8,4098.18,3715.832
30,f,9,PhD,8,8,3295.99,3715.832
30,f,9,PhD,8,8,3467.78,3715.832
30,f,9,PhD,8,8,3756.23,3715.832
27,f,15,Ma,7,7,3652.98,3718.9648
22,f,12,PhD,7,9,3717.83,3719.0908
31,f,11,PhD,6,6,3960.15,3720.3843
31,f,11,PhD,6,6,4284.2,3720.3843
29,f,10,PhD,7,8,3946.35,3720.645
29,f,10,PhD,7,8,3873.22,3720.645
29,f,10,PhD,7,8,3980.39,3720.645
29,f,10,PhD,7,8,2717.17,3720.645
29,f,10,PhD,7,8,3784.08,3720.6453
32,f,12,Ma,8,8,3483.04,3720.7798
27,f,9,PhD,8,10,3464.99,3720.9053
27,f,9,PhD,8,10,4320.74,3720.9053
27,f,9,PhD,9,9,4165.83,3723.0996
30,f,11,Ma,10,9,3628.92,3723.2344
26,f,10,PhD,7,10,3683.31,3725.7188
26,f,10,PhD,7,10,3066.51,3725.7188
28,f,11,PhD,7,7,3891.17,3727.6519
28,f,11,PhD,7,7,3512.66,3727.6519
26,f,10,PhD,8,9,3574.66,3727.9126
26,f,10,PhD,8,9,3623.07,3727.9126
26,f,10,PhD,8,9,3926.8,3727.9126
26,f,10,PhD,8,9,3544.99,3727.9126
26,f,10,PhD,8,9,3612.33,3727.9126
26,f,10,PhD,8,9,4108.88,3727.9126
26,f,10,PhD,8,9,4288.81,3727.9126
29,f,12,Ma,9,9,3350.81,3728.0474
28,f,13,Ma,7,10,4444.01,3730.6663
27,f,12,PhD,6,7,3952.72,3732.4648
25,f,11,PhD,7,9,3362.45,3732.7253
28,f,13,Ma,8,9,3839.93,3732.86
28,f,13,Ma,8,9,3528.03,3732.86
30,f,8,PhD,8,10,3800.7,3734.54
33,f,10,Ma,9,10,3727.44,3734.6748
32,f,11,Ma,8,10,3419.94,3739.4878
24,f,12,PhD,7,8,3434.22,3739.7324
24,f,12,PhD,7,8,3403.18,3739.7324
29,f,9,PhD,8,9,3395.23,3741.5474
29,f,9,PhD,8,9,3819.17,3741.5474
29,f,9,PhD,8,9,3507.74,3741.5474
29,f,9,PhD,8,9,3251.93,3741.5474
29,f,9,PhD,8,9,4303.01,3741.5474
29,f,9,PhD,8,9,3080.1,3741.5474
29,f,9,PhD,9,8,3174.18,3743.7412
28,f,10,PhD,6,10,4074.24,3744.166
30,f,11,PhD,6,7,3389.76,3746.0996
28,f,10,PhD,7,9,3292.14,3746.3604
28,f,10,PhD,7,9,3629.43,3746.3604
28,f,10,PhD,7,9,3327.93,3746.3604
28,f,10,PhD,7,9,3735.12,3746.3604
28,f,10,PhD,7,9,3659.62,3746.3604
31,f,12,Ma,8,9,3763.83,3746.495
28,f,10,PhD,8,8,3318.32,3748.5542
28,f,10,PhD,8,8,4344.82,3748.5542
28,f,10,PhD,8,8,3850.23,3748.5542
26,f,9,PhD,9,10,3607.2,3748.8145
29,f,11,Ma,10,10,3760.17,3748.9495
28,f,10,PhD,9,7,3666.05,3750.7483
27,f,11,PhD,7,8,4005.69,3753.3672
27,f,11,PhD,7,8,3785.99,3753.3672
27,f,11,PhD,7,8,3736.9,3753.3672
27,f,11,PhD,7,8,4272.3,3753.3672
27,f,11,PhD,7,8,3591.64,3753.3672
27,f,11,PhD,7,8,4053.11,3753.3672
23,m,6,Ma,8,8,3803.09,3753.4885
25,f,10,PhD,8,10,3716.66,3753.628
25,f,10,PhD,8,10,3268.47,3753.628
27,f,11,PhD,8,7,3365.31,3755.561
25,f,10,PhD,9,9,4294.26,3755.8218
29,f,14,Ma,7,8,4129.35,3758.3147
24,f,11,PhD,7,10,3839.85,3758.4407
31,f,9,PhD,7,9,3973.2,3759.9946
24,f,11,PhD,8,9,3994.32,3760.6348
24,f,11,PhD,8,9,4778.76,3760.6348
31,f,9,PhD,8,8,3569.06,3762.189
33,f,12,Ma,7,9,3165.61,3764.9424
23,f,12,PhD,7,9,4103.05,3765.4475
30,f,10,PhD,7,8,4133.97,3767.002
30,f,10,PhD,7,8,4717.17,3767.002
30,f,10,PhD,7,8,3576.49,3767.002
30,f,10,PhD,7,8,3959.72,3767.002
28,f,9,PhD,8,10,3442.5,3767.2625
30,f,10,PhD,8,7,3449.13,3769.1958
30,f,10,PhD,8,7,3739.69,3769.1958
28,f,9,PhD,9,9,4405.52,3769.4565
28,f,9,PhD,9,9,2820.7,3769.4565
20,m,9,Ma,6,7,4885.25,3770.121
29,f,11,PhD,6,8,4025.41,3771.8147
27,f,10,PhD,7,10,3245.16,3772.0754
27,f,10,PhD,8,9,3797.02,3774.2695
27,f,10,PhD,8,9,3815.13,3774.2695
27,f,10,PhD,8,9,3604.12,3774.2695
27,f,10,PhD,8,9,3727.15,3774.2695
27,f,10,PhD,9,8,4212.42,3776.4634
27,f,10,PhD,9,8,3866.88,3776.4634
26,f,11,PhD,7,9,3555.28,3779.082
26,f,11,PhD,7,9,4026.09,3779.0823
26,f,11,PhD,7,9,3519.0,3779.0823
26,f,11,PhD,7,9,3894.71,3779.0823
26,f,11,PhD,7,9,4132.49,3779.0823
26,f,11,PhD,7,9,3890.59,3779.0823
26,f,11,PhD,8,8,4195.22,3781.2764
26,f,11,PhD,8,8,4188.34,3781.2764
23,m,8,Ma,6,7,4199.15,3783.7556
30,f,9,PhD,7,10,4106.69,3785.71
28,f,14,Ma,8,8,3944.66,3786.2239
30,f,9,PhD,8,9,3512.34,3787.9038
30,f,9,PhD,8,9,3725.56,3787.9038
31,f,11,PhD,5,8,3911.02,3790.2622
24,f,13,PhD,6,8,3556.92,3790.9023
31,f,11,PhD,6,7,3425.87,3792.4565
29,f,10,PhD,7,9,3759.73,3792.717
29,f,10,PhD,7,9,3456.45,3792.717
29,f,10,PhD,7,9,3515.73,3792.717
29,f,10,PhD,8,8,3893.51,3794.9111
29,f,10,PhD,8,8,3753.3,3794.9111
29,f,10,PhD,8,8,3891.48,3794.9111
29,f,10,PhD,8,8,3505.23,3794.9111
29,f,10,PhD,8,8,3786.87,3794.9111
32,f,12,Ma,9,8,3514.34,3795.046
29,f,10,PhD,9,7,3926.01,3797.1047
28,f,11,PhD,7,8,3428.75,3799.7239
28,f,11,PhD,7,8,4001.23,3799.7239
28,f,11,PhD,7,8,3699.34,3799.7239
33,f,8,PhD,9,8,3542.46,3803.733
25,f,11,PhD,7,10,3678.93,3804.7974
32,f,9,PhD,7,9,3210.83,3806.3518
25,f,11,PhD,8,9,3349.27,3806.9915
32,f,9,PhD,8,8,3916.39,3808.546
32,f,9,PhD,8,8,3296.31,3808.546
27,f,12,PhD,8,6,3257.55,3808.9248
25,f,11,PhD,9,8,3869.46,3809.1853
25,f,11,PhD,9,8,3873.49,3809.1853
25,f,11,PhD,9,8,3680.32,3809.1853
24,f,12,PhD,7,9,4548.8,3811.8042
31,f,10,PhD,7,8,3500.73,3813.3586
31,f,10,PhD,7,8,3328.02,3813.3586
31,f,10,PhD,7,8,3508.18,3813.3586
29,f,9,PhD,9,9,3730.35,3815.8132
29,f,9,PhD,9,9,3902.42,3815.8132
28,m,7,Ma,5,7,4301.9,3815.838
28,f,10,PhD,7,10,3567.6,3818.4321
28,f,10,PhD,7,10,3995.33,3818.4321
28,f,10,PhD,7,10,3822.88,3818.4321
30,f,11,PhD,7,7,3589.05,3820.3652
28,f,10,PhD,8,9,3782.39,3820.6262
28,f,10,PhD,8,9,3885.37,3820.6262
28,f,10,PhD,8,9,3429.02,3820.6262
28,f,10,PhD,8,9,3917.99,3820.6262
28,f,10,PhD,8,9,3709.93,3820.6262
28,f,10,PhD,8,9,4000.13,3820.6262
28,f,10,PhD,8,9,3680.47,3820.6262
28,f,10,PhD,8,9,3619.17,3820.6262
25,m,7,Ma,6,8,4164.91,3823.105
25,m,7,Ma,6,8,4150.23,3823.105
27,f,11,PhD,7,9,3511.32,3825.439
27,f,11,PhD,7,9,3683.92,3825.439
27,f,11,PhD,7,9,3756.9,3825.439
27,f,11,PhD,7,9,3212.27,3825.439
27,f,11,PhD,7,9,4052.43,3825.439
27,f,11,PhD,8,8,3923.42,3827.6328
26,f,12,PhD,7,8,3774.89,3832.4458
26,f,12,PhD,7,8,3652.77,3832.4458
22,m,7,Ma,8,8,4138.91,3832.567
31,f,9,PhD,8,9,3686.88,3834.2607
31,f,9,PhD,8,9,3640.69,3834.2607
26,f,12,PhD,8,7,3900.4,3834.64
26,f,12,PhD,8,7,3714.49,3834.64
30,f,10,PhD,7,9,3645.35,3839.0737
33,f,12,Ma,8,9,3937.89,3839.2085
23,f,12,PhD,8,9,4452.28,3839.7134
30,f,10,PhD,8,8,3991.96,3841.2676
30,f,10,PhD,8,8,3910.97,3841.2676
30,f,10,PhD,8,8,3509.48,3841.2676
30,f,10,PhD,8,8,3909.8,3841.2676
27,m,7,Ma,6,7,4711.32,3843.747
29,f,11,PhD,7,8,3607.31,3846.0806
29,f,11,PhD,7,8,3681.08,3846.0806
29,f,11,PhD,7,8,3862.06,3846.0806
29,f,11,PhD,7,8,3877.82,3846.0806
34,f,8,PhD,8,9,3299.98,3847.8955
29,f,11,PhD,8,7,3373.68,3848.275
29,f,11,PhD,8,7,4053.93,3848.275
27,f,10,PhD,9,9,3709.82,3848.5352
27,f,10,PhD,9,9,3833.16,3848.5352
31,f,14,Ma,6,9,3382.38,3848.8345
28,f,12,PhD,6,8,4477.61,3850.8936
29,f,13,Ma,8,10,3426.5,3851.2886
33,f,9,PhD,7,9,3491.68,3852.7085
33,f,9,PhD,7,9,3380.3,3852.7085
26,f,11,PhD,8,9,4133.38,3853.348
26,f,11,PhD,8,9,3256.88,3853.348
33,f,9,PhD,8,8,3715.95,3854.9023
26,f,11,PhD,9,8,4330.79,3855.542
25,f,12,PhD,7,9,4172.94,3858.1611
25,f,12,PhD,7,9,3933.98,3858.1611
25,f,12,PhD,7,9,3506.14,3858.1611
32,f,10,PhD,7,8,3328.63,3859.7153
32,f,10,PhD,8,7,3792.79,3861.9094
31,f,11,PhD,6,8,3798.74,3864.5283
29,f,10,PhD,7,10,3363.03,3864.7886
29,f,10,PhD,7,10,3540.75,3864.7886
29,f,10,PhD,7,10,4013.18,3864.7886
32,f,12,Ma,8,10,3206.34,3864.9236
31,f,11,PhD,7,7,3805.09,3866.7222
29,f,10,PhD,8,9,3469.46,3866.983
29,f,10,PhD,8,9,4275.05,3866.983
29,f,10,PhD,8,9,3938.38,3866.983
26,m,7,Ma,6,8,4767.71,3869.4624
31,f,13,Ma,7,10,3323.92,3869.7363
30,f,12,PhD,6,7,4181.92,3871.5352
28,f,11,PhD,7,9,3750.01,3871.796
28,f,11,PhD,7,9,3243.1,3871.796
28,f,11,PhD,7,9,3131.96,3871.796
28,f,11,PhD,7,9,4073.73,3871.796
28,f,11,PhD,7,9,3834.73,3871.796
28,f,11,PhD,8,8,3957.61,3873.9897
28,f,11,PhD,8,8,4129.69,3873.9897
28,f,11,PhD,8,8,4250.93,3873.9897
26,f,10,PhD,9,10,3655.48,3874.25
28,f,11,PhD,9,7,3222.58,3876.1836
27,f,12,PhD,7,8,3847.93,3878.8027
27,f,12,PhD,7,8,3973.99,3878.8027
27,f,12,PhD,7,8,4059.99,3878.8027
25,f,11,PhD,8,10,3466.77,3879.063
32,f,9,PhD,8,9,3086.5,3880.6177
25,f,11,PhD,9,9,3545.78,3881.2573
31,f,10,PhD,7,9,3016.71,3885.4307
24,f,12,PhD,8,9,3944.61,3886.0698
31,f,10,PhD,8,8,4167.83,3887.6245
28,m,7,Ma,6,7,4507.22,3890.104
23,f,13,PhD,7,9,4081.78,3890.883
30,f,11,PhD,7,8,3654.79,3892.4373
30,f,11,PhD,7,8,3949.66,3892.4373
28,f,10,PhD,9,9,4717.17,3894.8918
34,f,9,PhD,7,9,3256.87,3899.065
29,f,12,PhD,7,7,4287.01,3899.4443
27,f,11,PhD,8,9,3347.98,3899.7046
27,f,11,PhD,8,9,3702.54,3899.7046
28,f,13,PhD,6,7,3701.72,3904.257
26,f,12,PhD,7,9,4189.0,3904.5176
26,f,12,PhD,7,9,3792.47,3904.5176
26,f,12,PhD,7,9,3455.15,3904.5176
29,m,5,Ma,8,8,3492.09,3906.193
26,f,12,PhD,8,8,3827.41,3906.7117
26,f,12,PhD,8,8,4448.23,3906.7117
32,f,11,PhD,6,8,3894.98,3910.8848
30,f,10,PhD,7,10,3951.43,3911.1455
30,f,10,PhD,8,9,3285.97,3913.3394
30,f,10,PhD,8,9,3973.21,3913.3394
30,f,10,PhD,8,9,3430.31,3913.3394
29,m,8,Ma,6,5,4471.55,3917.7524
29,f,11,PhD,8,8,3411.96,3920.3464
26,m,8,Ma,6,7,4401.76,3922.8257
31,f,14,Ma,7,9,4141.3,3923.1
26,f,11,PhD,8,10,3719.03,3925.42
28,f,12,PhD,8,7,4594.55,3927.3535
23,m,8,Ma,7,8,4407.74,3930.0935
25,f,12,PhD,7,10,3956.06,3930.233
25,f,12,PhD,7,10,4253.91,3930.233
30,m,6,Ma,7,7,3768.98,3931.648
25,f,12,PhD,8,9,4155.42,3932.427
25,f,12,PhD,8,9,3512.17,3932.427
32,f,10,PhD,8,8,3895.04,3933.9814
30,f,9,PhD,9,10,3881.63,3934.2417
24,f,13,PhD,7,9,4309.43,3937.2397
30,f,12,PhD,6,8,4074.03,3943.607
26,m,7,Ma,7,8,3458.29,3943.728
26,m,7,Ma,7,8,4318.29,3943.728
28,f,11,PhD,7,10,3315.54,3943.8674
30,f,12,PhD,7,7,3487.11,3945.8008
26,m,7,Ma,8,7,3908.4,3945.9219
28,f,11,PhD,8,9,3666.36,3946.0615
28,f,11,PhD,8,9,3863.53,3946.0615
28,f,11,PhD,8,9,3511.88,3946.0615
28,f,11,PhD,8,9,3814.53,3946.0615
28,f,11,PhD,8,9,3678.92,3946.0615
24,m,6,Ma,9,9,3899.74,3946.1826
28,f,11,PhD,9,8,3924.46,3948.2554
28,f,11,PhD,9,8,3658.26,3948.2554
27,f,12,PhD,8,8,4073.4,3953.0684
27,f,12,PhD,8,8,3910.88,3953.0684
27,f,12,PhD,8,8,3489.5,3953.0684
27,f,12,PhD,8,8,3659.68,3953.0684
23,m,7,Ma,9,8,4244.55,3953.1895
30,f,14,Ma,9,8,3134.17,3953.203
32,f,9,PhD,9,9,3477.72,3954.8833
24,m,9,Ma,6,7,5134.83,3955.5479
26,f,13,PhD,6,9,3750.48,3955.6875
33,f,11,PhD,6,8,3949.2,3957.242
29,m,6,Ma,7,8,4317.79,3957.3628
26,f,13,PhD,7,8,4060.26,3957.8813
26,f,13,PhD,7,8,4161.14,3957.8813
24,f,12,PhD,8,10,3291.07,3958.142
23,m,10,Ma,5,7,3881.42,3960.3608
32,f,12,PhD,6,7,3206.88,3964.2485
30,f,11,PhD,7,9,4093.27,3964.5093
30,f,11,PhD,7,9,4042.01,3964.5093
30,f,11,PhD,7,9,3296.18,3964.5093
30,f,11,PhD,7,9,3991.93,3964.5093
30,f,11,PhD,7,9,3938.44,3964.5093
21,m,9,Ma,8,7,4631.47,3965.0095
30,f,11,PhD,8,8,4077.9,3966.7031
30,f,11,PhD,8,8,3700.34,3966.7031
29,f,12,PhD,7,8,4751.19,3971.516
29,f,12,PhD,7,8,4272.47,3971.516
25,m,7,Ma,8,8,4277.91,3971.6372
32,f,14,Ma,8,8,3261.26,3971.651
27,f,11,PhD,8,10,3885.4,3971.7764
27,f,11,PhD,8,10,4746.46,3971.7764
34,f,9,PhD,9,8,3297.4,3975.525
24,m,8,Ma,7,8,4128.98,3976.4497
24,m,8,Ma,7,8,4277.88,3976.4497
24,m,8,Ma,7,8,4044.85,3976.4497
26,f,12,PhD,8,9,3130.96,3978.7837
26,f,12,PhD,8,9,4221.28,3978.7837
26,f,12,PhD,8,9,4110.36,3978.7837
23,m,9,Ma,6,8,4285.22,3981.2632
32,f,11,PhD,6,9,4207.4,3982.9565
25,f,13,PhD,8,8,4403.03,3985.7905
25,f,13,PhD,8,8,3652.17,3985.7905
30,f,10,PhD,9,9,3653.9,3987.6055
31,f,12,PhD,6,8,4638.52,3989.9639
29,f,11,PhD,7,10,3816.79,3990.2244
20,m,9,Ma,8,8,4873.27,3990.7246
29,f,11,PhD,8,9,4133.37,3992.4182
29,f,11,PhD,8,9,4203.92,3992.4182
29,f,11,PhD,8,9,3326.06,3992.4182
29,f,11,PhD,8,9,4315.94,3992.4182
29,f,11,PhD,8,9,3994.51,3992.4185
26,m,8,Ma,6,8,4037.54,3994.898
28,f,12,PhD,7,9,3627.62,3997.2314
28,f,12,PhD,7,9,3641.79,3997.2314
24,m,7,Ma,8,9,4488.35,3997.3523
33,f,9,PhD,8,10,3509.32,3999.0461
28,f,12,PhD,8,8,3909.47,3999.4255
28,f,12,PhD,8,8,3878.37,3999.4255
25,m,9,Ma,6,7,4608.4,4001.9043
23,m,8,Ma,7,9,4724.69,4002.1655
30,m,6,Ma,7,8,4361.32,4003.7195
25,m,9,Ma,7,6,4476.92,4004.0986
27,f,13,PhD,7,8,4352.84,4004.2383
25,f,12,PhD,8,10,3869.71,4004.4985
32,f,10,PhD,8,9,3397.04,4006.0532
32,f,10,PhD,8,9,3166.9,4006.0532
27,m,6,Ma,7,10,3624.53,4008.793
26,m,7,Ma,7,9,4574.3,4015.7998
26,m,7,Ma,7,9,4789.83,4015.7998
30,f,12,PhD,7,8,4386.84,4017.8726
33,f,14,Ma,8,8,3754.52,4018.0073
28,f,11,PhD,9,9,3715.63,4020.3274
25,m,8,Ma,6,9,4405.23,4020.613
25,m,8,Ma,6,9,3972.71,4020.613
25,m,8,Ma,7,8,4118.98,4022.8066
27,f,12,PhD,7,10,3786.67,4022.9465
34,f,10,PhD,7,9,3514.64,4024.5005
29,f,13,PhD,7,7,4065.4,4024.88
27,f,12,PhD,8,9,4240.54,4025.1401
27,f,12,PhD,8,9,3714.88,4025.1401
32,f,9,PhD,10,9,3366.17,4029.1494
31,m,7,Ma,7,6,4059.89,4031.3682
30,f,11,PhD,8,9,3860.27,4038.7751
30,f,11,PhD,8,9,3185.8,4038.7751
30,f,11,PhD,8,9,3176.62,4038.7751
27,m,8,Ma,7,7,4395.64,4043.4487
29,f,12,PhD,7,9,3990.96,4043.588
25,m,7,Ma,8,9,4241.04,4043.709
25,m,7,Ma,8,9,4247.27,4043.709
29,f,12,PhD,8,8,3280.49,4045.7817
29,f,12,PhD,8,8,3886.22,4045.782
29,f,12,PhD,8,8,4271.24,4045.782
27,f,11,PhD,9,10,4026.29,4046.0425
24,m,8,Ma,7,9,4138.92,4048.522
28,f,13,PhD,7,8,3748.13,4050.5952
28,f,13,PhD,7,8,4318.09,4050.5952
24,m,8,Ma,8,8,3717.57,4050.7158
26,f,12,PhD,8,10,3704.72,4050.8555
30,m,7,Ma,6,8,4803.69,4054.8892
28,m,6,Ma,7,10,3900.17,4055.1497
23,m,9,Ma,7,8,4433.95,4055.5288
23,m,9,Ma,7,8,4047.23,4055.5288
34,f,12,PhD,6,7,3676.0,4056.9622
32,f,11,PhD,7,9,4353.84,4057.2227
28,m,6,Ma,8,9,3680.52,4057.3438
23,m,9,Ma,8,7,4833.7,4057.7227
25,f,13,PhD,8,9,3928.63,4057.8625
30,f,10,PhD,9,10,3789.46,4059.6772
27,m,7,Ma,7,9,4285.43,4062.1567
31,f,12,PhD,7,8,3736.91,4064.2297
26,m,8,Ma,6,9,4022.0,4066.9697
26,m,8,Ma,7,8,4344.98,4069.1636
28,f,12,PhD,7,10,3335.63,4069.303
28,f,12,PhD,8,9,3989.22,4071.497
28,f,12,PhD,8,9,3976.74,4071.497
28,f,12,PhD,9,8,3607.21,4073.6914
28,f,12,PhD,9,8,3924.04,4073.6914
25,m,9,Ma,6,8,4692.17,4073.9766
25,m,9,Ma,6,8,4415.48,4073.9766
27,f,13,PhD,7,9,4181.11,4076.31
23,m,8,Ma,8,9,4374.34,4076.4314
32,f,10,PhD,8,10,3759.85,4078.1248
23,m,8,Ma,9,8,4152.84,4078.6248
24,m,10,Ma,6,7,4494.59,4080.9834
22,m,9,Ma,7,9,4726.24,4081.2441
22,m,9,Ma,7,9,3989.33,4081.2441
29,m,7,Ma,7,8,4273.92,4082.7983
31,f,11,PhD,7,10,4110.4,4082.9377
24,f,13,PhD,8,10,4417.2,4083.5776
29,m,7,Ma,8,7,4431.88,4084.9922
28,m,8,Ma,7,7,4282.89,4089.8052
26,m,7,Ma,8,9,3930.39,4090.066
21,m,10,Ma,8,7,4252.39,4090.445
30,f,12,PhD,8,8,4336.61,4092.1387
30,f,12,PhD,8,8,3204.18,4092.1387
27,m,9,Ma,6,7,4084.11,4094.618
25,m,8,Ma,7,9,3851.65,4094.879
25,m,8,Ma,7,9,4135.47,4094.879
29,f,13,PhD,7,8,4353.36,4096.9517
22,m,6,PhD,8,7,4317.16,4099.132
27,f,12,PhD,9,9,4140.24,4099.4062
34,f,10,PhD,9,8,3524.96,4100.9604
24,m,9,Ma,7,8,4499.21,4101.8857
26,f,13,PhD,8,9,4211.96,4104.219
30,m,8,Ma,6,7,4043.7,4108.253
30,f,11,PhD,8,10,3241.12,4110.8467
29,f,12,PhD,7,10,4369.97,4115.6597
27,m,8,Ma,8,7,4146.82,4117.7144
27,m,8,Ma,8,7,4493.75,4117.7144
26,m,9,Ma,7,7,4600.68,4122.527
26,m,9,Ma,7,7,4395.39,4122.527
26,m,9,Ma,7,7,4633.1,4122.527
26,m,9,Ma,8,6,4026.33,4124.721
28,f,13,PhD,8,8,3492.28,4124.861
28,f,13,PhD,8,8,4047.59,4124.861
24,m,8,Ma,9,8,4022.71,4124.982
33,f,10,PhD,9,9,3405.91,4126.676
25,m,10,Ma,6,7,4559.99,4127.3403
32,f,11,PhD,8,9,3857.23,4131.489
32,f,11,PhD,9,8,3380.09,4133.683
26,m,6,PhD,6,7,4496.53,4136.028
27,m,7,Ma,8,9,4277.89,4136.4224
27,m,7,Ma,8,9,4263.9,4136.4224
27,m,7,Ma,8,9,4798.15,4136.4224
27,m,7,Ma,9,8,4494.98,4138.6167
26,m,8,Ma,8,8,3956.64,4143.429
26,m,8,Ma,8,8,4667.6,4143.429
28,f,12,PhD,8,10,4091.53,4143.569
35,f,10,PhD,8,9,3731.6,4145.123
30,f,13,PhD,8,7,3922.52,4145.5024
29,f,14,PhD,6,8,4054.87,4148.121
25,m,9,Ma,7,8,4248.5,4148.242
25,m,9,Ma,7,8,4957.53,4148.242
34,f,11,PhD,8,8,3829.15,4152.1304
31,m,8,Ma,6,7,4825.93,4154.6094
29,m,7,Ma,8,8,4119.34,4157.064
31,f,11,PhD,8,10,4285.03,4157.2036
26,f,14,PhD,8,8,3522.9,4157.5825
29,m,7,Ma,9,7,3664.05,4159.2583
28,m,8,Ma,7,8,3984.4,4161.8774
28,m,8,Ma,7,8,4534.64,4161.8774
26,m,7,Ma,8,10,4165.87,4162.1377
25,f,15,PhD,7,8,4348.91,4162.3955
30,f,12,PhD,8,9,4311.09,4164.2104
30,f,12,PhD,8,9,3783.47,4164.2104
27,m,9,Ma,6,8,4658.4,4166.69
27,m,9,Ma,6,8,3985.17,4166.69
27,m,9,Ma,7,7,4602.83,4168.8843
25,m,8,Ma,8,9,4164.97,4169.1445
25,m,8,Ma,8,9,4458.85,4169.1445
25,m,8,Ma,8,9,4517.42,4169.1445
25,m,8,Ma,8,9,4538.32,4169.145
29,f,13,PhD,8,8,4598.0,4171.2173
29,f,13,PhD,8,8,3834.06,4171.2173
26,m,10,Ma,6,7,4424.08,4173.697
24,m,9,Ma,8,8,4843.74,4176.1514
30,m,8,Ma,6,8,4366.04,4180.3247
30,m,8,Ma,7,7,4923.15,4182.519
29,m,9,Ma,6,7,4214.38,4187.3315
29,m,9,Ma,6,7,4186.43,4187.3315
27,m,8,Ma,7,9,4264.94,4187.5923
27,m,8,Ma,7,9,4203.06,4187.5923
27,m,8,Ma,8,8,3926.74,4189.7866
29,f,12,PhD,8,10,3894.99,4189.926
29,f,12,PhD,8,10,3881.88,4189.926
28,m,10,Ma,5,7,3980.7,4192.1445
26,m,9,Ma,6,9,4279.8,4192.405
26,m,9,Ma,7,8,4739.03,4194.599
26,m,9,Ma,7,8,4500.67,4194.599
26,m,9,Ma,7,8,4239.78,4194.599
26,m,9,Ma,7,8,3966.85,4194.599
26,m,9,Ma,7,8,4579.48,4194.599
30,f,14,PhD,7,7,4073.33,4196.672
26,m,9,Ma,8,7,4635.66,4196.793
26,m,9,Ma,8,7,5009.21,4196.793
25,m,10,Ma,6,8,4366.21,4199.412
23,m,9,Ma,7,10,4552.37,4199.6724
25,m,10,Ma,7,7,4314.27,4201.606
25,m,10,Ma,7,7,4716.21,4201.606
27,f,14,PhD,7,9,4324.51,4201.7456
30,m,7,Ma,8,8,4658.98,4203.4204
22,m,10,Ma,7,9,4399.48,4206.679
22,m,10,Ma,7,9,4871.55,4206.679
29,m,8,Ma,7,8,4483.13,4208.234
31,f,12,PhD,8,9,4265.86,4210.567
31,f,12,PhD,9,8,3819.63,4212.761
31,f,12,PhD,9,8,3785.54,4212.761
28,m,9,Ma,7,7,4715.08,4215.2407
26,m,8,Ma,8,9,4918.03,4215.5015
26,m,8,Ma,8,9,4465.48,4215.5015
26,m,8,Ma,9,8,4094.68,4217.6953
27,m,10,Ma,5,8,4288.11,4217.8594
27,m,10,Ma,6,7,4327.83,4220.0537
25,m,9,Ma,7,9,4110.54,4220.3145
25,m,9,Ma,7,9,4023.64,4220.3145
25,m,9,Ma,8,8,4286.58,4222.508
26,m,11,Ma,6,6,4456.38,4227.061
24,m,10,Ma,7,8,4767.21,4227.3213
26,f,14,PhD,7,10,3859.9,4227.4604
28,m,6,PhD,6,7,4102.98,4228.7407
30,m,9,Ma,6,7,4963.43,4233.688
28,m,8,Ma,7,9,3888.22,4233.9487
25,m,6,PhD,7,8,5276.01,4236.0083
32,f,13,PhD,7,8,3717.84,4236.022
28,m,8,Ma,8,8,4811.16,4236.143
25,m,6,PhD,8,7,4727.73,4238.202
26,m,7,Ma,10,9,4462.82,4238.5977
27,m,9,Ma,7,8,4817.08,4240.956
29,f,13,PhD,7,10,4137.36,4241.095
25,m,8,Ma,8,10,4232.38,4241.217
25,m,8,Ma,8,10,4560.67,4241.217
25,m,8,Ma,8,10,3983.46,4241.217
27,m,9,Ma,8,7,4856.08,4243.15
27,m,9,Ma,8,7,4141.02,4243.15
29,f,13,PhD,8,9,3819.52,4243.2896
25,m,8,Ma,9,9,4191.71,4243.4106
25,m,8,Ma,9,9,4503.55,4243.4106
26,m,10,Ma,6,8,4560.05,4245.769
26,m,10,Ma,7,7,4176.11,4247.963
24,m,9,Ma,8,9,3882.51,4248.223
28,f,14,PhD,8,8,3892.09,4250.2964
25,m,11,Ma,6,7,4853.4,4252.776
30,m,8,Ma,7,8,4770.97,4254.5903
30,m,8,Ma,8,7,4315.4,4256.7847
29,m,9,Ma,6,8,4338.22,4259.404
24,m,6,PhD,7,9,4500.62,4261.723
27,m,8,Ma,8,9,4617.49,4261.858
27,m,8,Ma,8,9,3892.35,4261.858
24,m,6,PhD,8,8,4392.07,4263.9175
27,m,8,Ma,9,8,4119.98,4264.0522
28,m,10,Ma,6,7,4777.2,4266.4106
28,m,10,Ma,6,7,4192.32,4266.4106
30,f,14,PhD,7,8,4377.64,4268.7437
26,m,9,Ma,8,8,4020.29,4268.865
26,m,9,Ma,8,8,4641.87,4268.865
26,m,9,Ma,8,8,4461.35,4268.865
26,m,9,Ma,8,8,4452.84,4268.865
26,m,9,Ma,9,7,4188.28,4271.059
24,m,8,Ma,10,9,4300.55,4271.32
25,m,10,Ma,7,8,4264.69,4273.6777
25,m,10,Ma,7,8,4206.02,4273.6777
25,m,10,Ma,7,8,4231.44,4273.6777
25,m,10,Ma,7,8,4453.28,4273.6777
25,m,10,Ma,7,8,4790.98,4273.6777
30,m,7,Ma,8,9,3717.87,4275.4927
25,m,10,Ma,8,7,4224.9,4275.8716
20,m,7,PhD,8,9,4297.88,4275.9976
31,m,9,Ma,6,7,4730.01,4280.0454
29,m,8,Ma,7,9,3919.86,4280.3057
29,m,8,Ma,7,9,4191.61,4280.3057
24,m,11,Ma,7,7,4707.25,4280.6846
22,m,10,Ma,8,9,4296.74,4280.946
29,m,8,Ma,8,8,4574.37,4282.4995
28,m,9,Ma,7,8,4355.69,4287.3125
26,m,8,Ma,8,10,4081.87,4287.573
26,m,8,Ma,8,10,4912.75,4287.573
28,m,9,Ma,8,7,4084.51,4289.5063
26,m,8,Ma,9,9,4057.2,4289.767
26,m,8,Ma,9,9,4451.41,4289.767
27,m,10,Ma,6,8,4208.38,4292.1255
27,m,10,Ma,7,7,4504.69,4294.3193
27,m,10,Ma,7,7,4736.95,4294.3193
29,f,14,PhD,7,9,4366.74,4294.4595
29,f,14,PhD,7,9,4395.86,4294.4595
25,m,9,Ma,8,9,4160.17,4294.5796
25,m,9,Ma,8,9,3990.69,4294.5796
25,m,9,Ma,8,9,5309.02,4294.5806
20,m,12,Ma,8,7,5181.03,4294.9595
24,m,10,Ma,7,9,4397.41,4299.393
24,m,10,Ma,7,9,4884.48,4299.393
31,m,8,Ma,8,7,3953.95,4303.1416
29,m,7,Ma,9,9,3929.73,4303.402
30,m,9,Ma,6,8,3751.44,4305.7603
28,m,8,Ma,7,10,4598.79,4306.021
28,m,8,Ma,8,9,4328.91,4308.215
28,m,8,Ma,8,9,4858.8,4308.215
28,m,8,Ma,8,9,4717.83,4308.215
28,m,8,Ma,9,8,4381.47,4310.4087
29,m,10,Ma,6,7,4282.89,4312.767
29,m,10,Ma,6,7,4207.39,4312.767
27,m,9,Ma,7,9,4896.35,4313.028
27,m,9,Ma,7,9,4471.86,4313.028
24,m,7,PhD,7,8,4742.29,4315.0874
27,m,9,Ma,8,8,3815.3,4315.2217
27,m,9,Ma,8,8,4057.21,4315.2217
27,m,9,Ma,8,8,4074.3,4315.2217
29,f,13,PhD,8,10,3896.68,4315.3613
26,m,10,Ma,7,8,4834.17,4320.0347
26,m,10,Ma,7,8,4636.52,4320.0347
26,m,10,Ma,7,8,4467.45,4320.0347
26,m,10,Ma,7,8,4376.25,4320.0347
31,m,7,Ma,8,9,4165.59,4321.8496
26,m,10,Ma,8,7,4301.23,4322.229
28,f,14,PhD,8,9,3835.63,4322.3677
25,m,11,Ma,6,8,4309.02,4324.847
25,m,11,Ma,7,7,4445.0,4327.0415
25,m,11,Ma,7,7,3952.82,4327.0415
30,m,8,Ma,8,8,4252.48,4328.8564
32,f,12,PhD,8,10,4580.41,4328.9956
27,m,6,PhD,8,7,4790.21,4330.9155
24,m,12,Ma,6,7,4615.86,4331.8545
29,m,9,Ma,7,8,4585.56,4333.6694
29,m,9,Ma,7,8,4578.39,4333.6694
27,m,8,Ma,8,10,4310.5,4333.9297
26,m,7,PhD,7,7,4728.03,4335.729
29,m,9,Ma,8,7,4591.74,4335.8633
29,m,9,Ma,8,7,4693.76,4335.8633
29,m,9,Ma,8,7,3937.57,4335.8633
25,m,8,PhD,6,7,4709.31,4340.5415
28,m,10,Ma,7,7,4826.21,4340.6763
26,m,9,Ma,8,9,4404.78,4340.937
26,m,9,Ma,8,9,4090.67,4340.937
26,m,9,Ma,8,9,4315.72,4340.937
26,m,9,Ma,8,9,4625.73,4340.937
26,m,9,Ma,9,8,4241.15,4343.1304
24,m,9,PhD,6,6,5091.51,4347.5483
25,m,10,Ma,8,8,4132.97,4347.944
25,m,10,Ma,8,8,4491.02,4347.944
25,m,10,Ma,8,8,3964.73,4347.944
25,m,10,Ma,8,8,4188.03,4347.944
27,f,14,PhD,8,10,3651.56,4348.083
25,m,10,Ma,9,7,4333.17,4350.1377
25,m,10,Ma,9,7,4071.32,4350.1377
31,m,9,Ma,6,8,3748.65,4352.117
29,m,8,Ma,7,10,3710.09,4352.3774
24,m,11,Ma,7,8,4531.68,4352.7563
29,m,8,Ma,8,9,5096.1,4354.5713
29,m,8,Ma,8,9,4652.6,4354.5713
29,m,8,Ma,8,9,5248.7,4354.5713
29,m,8,Ma,8,9,4060.24,4354.5713
29,m,8,Ma,8,9,4005.57,4354.5713
28,m,9,Ma,7,9,4284.42,4359.3843
28,m,9,Ma,7,9,4082.48,4359.3843
28,m,9,Ma,7,9,3987.5,4359.3843
28,m,9,Ma,7,9,4338.55,4359.3843
28,m,9,Ma,8,8,4485.46,4361.5786
28,m,9,Ma,8,8,3751.76,4361.5786
28,m,9,Ma,8,8,4140.5,4361.5786
28,m,9,Ma,8,8,3717.8,4361.5786
23,m,6,PhD,8,10,5068.46,4361.7046
26,m,8,Ma,9,10,4480.77,4361.8394
26,m,8,Ma,9,10,4476.9,4361.8394
30,f,13,PhD,9,9,3972.76,4363.912
27,m,10,Ma,7,8,4921.17,4366.391
27,m,10,Ma,7,8,4770.55,4366.391
27,m,10,Ma,7,8,4924.67,4366.391
27,m,10,Ma,7,8,4606.47,4366.391
27,m,10,Ma,7,8,5044.4,4366.391
25,m,9,Ma,8,10,4154.64,4366.652
27,m,10,Ma,8,7,4153.92,4368.5854
27,m,10,Ma,8,7,4660.61,4368.5854
29,f,14,PhD,8,9,4782.42,4368.725
29,f,14,PhD,9,8,3501.66,4370.919
26,m,11,Ma,6,8,4249.95,4371.2046
26,m,11,Ma,6,8,4594.66,4371.2046
24,m,10,Ma,7,10,4215.52,4371.465
24,m,10,Ma,8,9,4474.76,4373.6587
30,m,7,PhD,6,6,4596.06,4374.818
33,f,12,PhD,9,9,3734.13,4377.5464
30,m,9,Ma,6,9,4330.67,4377.832
27,m,7,PhD,6,8,4950.21,4379.8916
30,m,9,Ma,7,8,4115.74,4380.026
30,m,9,Ma,7,8,4953.23,4380.026
28,m,8,Ma,8,10,4110.48,4380.2866
20,m,9,PhD,7,8,5163.2,4380.5312
25,m,6,PhD,8,9,4728.93,4382.346
29,m,10,Ma,6,8,4695.91,4384.8394
29,m,10,Ma,6,8,4774.88,4384.8394
29,m,10,Ma,6,8,4785.93,4384.8394
27,m,9,Ma,7,10,4153.88,4385.0996
27,m,9,Ma,7,10,3822.99,4385.0996
29,m,10,Ma,7,7,4396.07,4387.033
27,m,9,Ma,8,9,4271.64,4387.2935
27,m,9,Ma,8,9,4103.68,4387.2935
27,m,9,Ma,8,9,5035.89,4387.2935
27,m,9,Ma,8,9,4574.95,4387.2935
22,m,12,Ma,8,7,4586.96,4387.673
27,m,9,Ma,9,8,4477.02,4389.488
29,f,13,PhD,9,10,3771.11,4389.6274
29,f,13,PhD,9,10,3810.88,4389.6274
28,m,11,Ma,6,7,4492.56,4391.846
28,m,11,Ma,6,7,4707.46,4391.846
26,m,10,Ma,7,9,4285.71,4392.107
26,m,10,Ma,7,9,4016.76,4392.107
26,m,10,Ma,7,9,4948.53,4392.107
26,m,10,Ma,7,9,4251.02,4392.107
26,m,10,Ma,7,9,4419.05,4392.107
25,m,9,PhD,6,6,5020.86,4393.906
23,m,8,PhD,7,8,4600.38,4394.166
26,m,10,Ma,8,8,4101.1,4394.3003
26,m,10,Ma,8,8,4445.98,4394.3003
26,m,10,Ma,8,8,4537.83,4394.3003
26,m,10,Ma,8,8,4094.75,4394.3003
26,m,10,Ma,8,8,4605.19,4394.3003
26,m,10,Ma,8,8,4135.54,4394.3003
26,m,10,Ma,8,8,5044.62,4394.3003
25,m,11,Ma,6,9,4976.76,4396.9194
25,m,11,Ma,7,8,4420.0,4399.114
27,m,6,PhD,7,9,4541.72,4400.7935
25,m,11,Ma,8,7,4882.27,4401.307
25,m,11,Ma,8,7,4587.77,4401.307
23,m,10,Ma,9,9,4371.25,4401.568
29,m,9,Ma,7,9,4494.52,4405.741
29,m,9,Ma,7,9,4111.57,4405.741
29,m,9,Ma,7,9,4593.26,4405.741
22,m,11,Ma,8,9,4140.46,4406.3813
22,m,11,Ma,8,9,4989.09,4406.3813
28,m,8,PhD,6,6,4661.57,4407.5396
29,m,9,Ma,8,8,4154.99,4407.935
29,m,9,Ma,8,8,4450.7,4407.935
28,m,10,Ma,7,8,4700.23,4412.748
28,m,10,Ma,7,8,4112.08,4412.748
28,m,10,Ma,7,8,4306.62,4412.748
28,m,10,Ma,7,8,4312.32,4412.748
30,f,14,PhD,7,10,4422.68,4412.887
26,m,9,Ma,8,10,3786.81,4413.0083
21,m,12,Ma,8,8,4312.1,4413.388
30,m,5,PhD,7,9,4660.8,4414.428
25,m,8,PhD,7,7,4274.02,4414.807
28,m,10,Ma,8,7,4502.92,4414.942
28,m,10,Ma,8,7,4697.48,4414.942
23,m,7,PhD,8,9,4458.34,4415.068
30,f,14,PhD,8,9,4007.63,4415.0815
26,m,9,Ma,9,9,4966.74,4415.2026
30,m,5,PhD,8,8,4595.6,4416.6226
25,m,10,Ma,7,10,4788.21,4417.822
27,m,11,Ma,7,7,3615.01,4419.755
25,m,10,Ma,8,9,4526.84,4420.016
32,m,8,Ma,8,8,4203.81,4421.57
32,m,8,Ma,8,8,4184.07,4421.57
32,m,8,Ma,8,8,4187.69,4421.57
29,m,6,PhD,8,7,4376.15,4423.6294
31,m,9,Ma,6,9,4402.36,4424.189
26,m,12,Ma,6,7,4606.94,4424.568
26,m,12,Ma,6,7,4242.62,4424.568
24,m,11,Ma,7,9,4648.4,4424.8286
31,m,9,Ma,7,8,4182.97,4426.383
21,m,9,PhD,7,8,5252.11,4426.8877
24,m,11,Ma,8,8,4250.81,4427.0225
28,m,7,PhD,7,7,4920.84,4428.442
23,m,12,Ma,7,8,4309.21,4431.8354
30,m,10,Ma,7,7,4897.96,4433.3896
30,m,10,Ma,7,7,4900.57,4433.3896
28,m,9,Ma,8,9,4361.57,4433.6504
28,m,9,Ma,9,8,4609.81,4435.844
28,m,9,Ma,9,8,3976.39,4435.844
27,m,10,Ma,7,9,3846.21,4438.4634
27,m,10,Ma,7,9,4412.83,4438.4634
27,m,10,Ma,7,9,4512.82,4438.4634
27,m,10,Ma,7,9,4704.25,4438.4634
27,m,10,Ma,7,9,4592.05,4438.4634
26,m,9,PhD,6,6,4677.24,4440.262
26,m,9,PhD,6,6,4543.39,4440.262
32,m,7,Ma,8,10,4455.32,4440.278
27,m,10,Ma,8,8,4493.73,4440.657
27,m,10,Ma,8,8,4163.15,4440.657
27,m,10,Ma,8,8,3813.85,4440.657
27,m,10,Ma,8,8,4623.47,4440.657
27,m,10,Ma,8,8,4103.35,4440.657
25,m,9,Ma,9,10,4496.58,4440.918
23,m,9,PhD,6,8,4533.4,4445.3354
26,m,11,Ma,7,8,4990.69,4445.47
24,m,10,Ma,8,10,4514.01,4445.7305
24,m,10,Ma,8,10,5218.23,4445.7305
24,m,10,Ma,8,10,4514.72,4445.7305
26,m,11,Ma,8,7,4526.11,4447.6646
30,m,9,Ma,7,9,4154.31,4452.098
30,m,9,Ma,7,9,3610.28,4452.098
30,m,9,Ma,7,9,4421.33,4452.098
30,m,9,Ma,7,9,4612.56,4452.098
27,m,7,PhD,7,8,4098.39,4454.157
30,m,9,Ma,8,8,4162.92,4454.2915
30,m,9,Ma,8,8,4003.14,4454.2915
30,m,9,Ma,8,8,4649.15,4454.2915
25,m,6,PhD,9,9,4544.52,4456.6123
29,m,10,Ma,7,8,4691.99,4459.105
29,m,10,Ma,7,8,3805.32,4459.105
27,m,9,Ma,8,10,4359.67,4459.3657
22,m,12,Ma,8,8,4799.87,4459.7446
26,m,8,PhD,7,7,3878.74,4461.1646
29,m,10,Ma,8,7,4584.18,4461.299
24,m,7,PhD,8,9,4690.11,4461.425
24,m,7,PhD,8,9,4442.69,4461.425
27,m,9,Ma,9,9,4337.8,4461.5596
26,m,10,Ma,7,10,4334.44,4464.178
26,m,10,Ma,7,10,4017.81,4464.178
25,m,9,PhD,6,7,4572.58,4465.977
28,m,11,Ma,7,7,4890.6,4466.112
26,m,10,Ma,8,9,4266.6,4466.372
26,m,10,Ma,8,9,4479.0,4466.372
26,m,10,Ma,8,9,5144.35,4466.372
25,m,9,PhD,7,6,4720.99,4468.1714
26,m,10,Ma,9,8,4400.22,4468.5664
26,m,10,Ma,9,8,5360.8,4468.5664
27,m,12,Ma,6,7,4945.43,4470.9243
25,m,11,Ma,7,9,4224.57,4471.185
25,m,11,Ma,7,9,4415.64,4471.185
32,m,9,Ma,7,8,4006.28,4472.7397
30,m,8,Ma,8,10,4437.92,4473.0005
27,m,6,PhD,8,9,4336.0,4475.059
27,m,6,PhD,8,9,4901.8,4475.059
27,m,6,PhD,8,9,4397.1,4475.059
29,m,9,Ma,7,10,4619.61,4477.813
29,m,9,Ma,7,10,4372.33,4477.813
21,m,10,PhD,6,8,4050.4,4478.0576
24,m,12,Ma,7,8,4033.9,4478.192
28,m,8,PhD,6,7,4987.19,4479.612
29,m,9,Ma,8,9,4750.51,4480.0073
29,m,9,Ma,8,9,4359.62,4480.0073
26,m,7,PhD,8,8,4896.85,4482.0664
26,m,7,PhD,8,8,4731.93,4482.0664
27,m,8,Ma,10,10,4052.84,4482.4614
28,m,10,Ma,7,9,4615.5,4484.82
28,m,10,Ma,7,9,5214.01,4484.82
28,m,10,Ma,7,9,4367.32,4484.82
28,m,10,Ma,7,9,4594.35,4484.82
25,m,8,PhD,7,8,4420.52,4486.8794
28,m,10,Ma,8,8,4730.38,4487.014
28,m,10,Ma,8,8,4133.25,4487.014
28,m,10,Ma,8,8,4212.66,4487.014
28,m,10,Ma,8,8,4473.96,4487.014
28,m,10,Ma,8,8,4075.27,4487.014
28,m,10,Ma,8,8,4284.8,4487.014
33,m,7,Ma,9,9,3887.88,4488.8286
23,m,7,PhD,9,9,4937.69,4489.3345
29,m,12,Ma,6,6,4204.12,4491.566
24,m,9,PhD,6,8,5013.25,4491.692
24,m,9,PhD,6,8,3989.19,4491.692
27,m,11,Ma,7,8,4256.74,4491.8267
27,m,11,Ma,7,8,4891.99,4491.8267
27,m,11,Ma,7,8,5213.8,4491.8267
27,m,11,Ma,7,8,4369.06,4491.8267
27,m,11,Ma,7,8,4228.04,4491.8267
29,m,6,PhD,8,8,4347.99,4495.701
29,m,6,PhD,8,8,3853.86,4495.701
26,m,12,Ma,6,8,4990.89,4496.6396
26,m,12,Ma,6,8,4815.22,4496.6396
24,m,11,Ma,7,10,4899.98,4496.9
31,m,9,Ma,7,9,4232.79,4498.4546
26,m,12,Ma,7,7,4975.03,4498.834
21,m,9,PhD,7,9,5452.04,4498.9595
24,m,11,Ma,8,9,4969.63,4499.094
28,m,7,PhD,7,8,5019.83,4500.514
31,m,9,Ma,8,8,4513.91,4500.649
31,m,9,Ma,8,8,4649.89,4500.649
31,m,9,Ma,8,8,4340.18,4500.649
26,m,6,PhD,8,10,3548.36,4500.775
30,m,10,Ma,6,9,4673.29,4503.268
30,m,10,Ma,7,8,4451.69,4505.4614
30,m,10,Ma,7,8,4891.6,4505.4614
30,m,10,Ma,7,8,4419.43,4505.4614
23,m,12,Ma,8,8,4458.03,4506.101
29,m,9,PhD,6,5,4497.15,4507.2603
27,m,8,PhD,7,7,4320.05,4507.521
30,m,10,Ma,8,7,4194.57,4507.656
30,m,10,Ma,8,7,4283.88,4507.656
25,m,7,PhD,8,9,5641.73,4507.7817
28,m,9,Ma,9,9,5027.84,4507.9165
25,m,7,PhD,9,8,4902.81,4509.976
29,m,11,Ma,6,8,4630.28,4510.2744
26,m,9,PhD,6,7,5158.41,4512.3335
26,m,9,PhD,6,7,4834.44,4512.3335
29,m,11,Ma,7,7,4437.98,4512.4683
27,m,10,Ma,8,9,3872.22,4512.729
27,m,10,Ma,8,9,5134.16,4512.729
27,m,10,Ma,8,9,4602.77,4512.729
27,m,10,Ma,8,9,4367.11,4512.729
27,m,10,Ma,8,9,4763.06,4512.729
27,m,10,Ma,8,9,4420.6,4512.729
27,m,10,Ma,8,9,4072.77,4512.729
27,m,10,Ma,8,9,4418.26,4512.729
27,m,10,Ma,8,9,4751.7,4512.729
31,m,6,PhD,8,7,4578.64,4516.343
24,m,8,PhD,9,7,4894.54,4516.982
28,m,12,Ma,6,7,5640.96,4517.2817
26,m,11,Ma,7,9,4664.87,4517.542
26,m,11,Ma,7,9,4676.86,4517.542
26,m,11,Ma,7,9,4439.13,4517.542
26,m,11,Ma,7,9,4553.74,4517.542
28,m,12,Ma,7,6,4908.66,4519.475
23,m,9,PhD,7,8,4691.79,4519.601
23,m,9,PhD,7,8,5277.34,4519.601
23,m,9,PhD,7,8,4618.17,4519.601
26,m,11,Ma,8,8,4501.87,4519.736
26,m,11,Ma,8,8,4864.57,4519.736
26,m,11,Ma,8,8,4638.68,4519.736
26,m,11,Ma,8,8,4540.21,4519.736
26,m,11,Ma,8,8,4406.59,4519.736
30,m,7,PhD,7,7,4699.66,4521.156
31,m,8,Ma,9,9,4604.17,4521.551
26,m,11,Ma,9,7,4651.29,4521.93
30,m,9,Ma,7,10,4818.5,4524.17
29,m,8,PhD,6,7,4812.57,4525.9683
30,m,9,Ma,8,9,4607.04,4526.364
30,m,9,Ma,8,9,4342.9,4526.364
22,m,10,PhD,7,7,5195.53,4526.6084
27,m,7,PhD,8,8,4669.5,4528.4233
27,m,7,PhD,9,7,4277.97,4530.6177
31,m,11,Ma,6,7,4705.14,4530.916
26,m,8,PhD,6,9,5362.74,4531.042
29,m,10,Ma,7,9,4526.16,4531.1772
29,m,10,Ma,7,9,5014.25,4531.1772
28,m,9,PhD,6,6,5480.85,4532.975
26,m,8,PhD,7,8,4849.47,4533.2363
29,m,10,Ma,8,8,4317.57,4533.3706
29,m,10,Ma,8,8,4317.45,4533.3706
29,m,10,Ma,8,8,4459.8,4533.3706
29,m,10,Ma,8,8,4335.27,4533.3706
29,m,10,Ma,8,8,4533.07,4533.3706
29,m,10,Ma,8,8,4138.87,4533.3706
29,m,10,Ma,8,8,4758.16,4533.3706
29,m,10,Ma,9,7,4651.82,4535.565
25,m,9,PhD,6,8,4820.79,4538.049
28,m,11,Ma,7,8,4747.12,4538.1836
28,m,11,Ma,7,8,4464.5,4538.1836
28,m,11,Ma,7,8,4700.97,4538.1836
26,m,10,Ma,8,10,4510.9,4538.444
33,m,8,Ma,8,9,3974.61,4539.9985
28,m,11,Ma,8,7,4942.32,4540.3774
26,m,10,Ma,9,9,4765.44,4540.638
33,m,8,Ma,9,8,4086.58,4542.1924
25,m,9,PhD,8,6,5659.68,4542.437
24,m,10,PhD,6,7,4604.22,4545.056
24,m,10,PhD,6,7,5069.21,4545.056
27,m,12,Ma,7,7,4930.28,4545.1904
25,m,11,Ma,8,9,4662.68,4545.4507
29,m,7,PhD,7,8,4998.48,4546.8706
32,m,9,Ma,8,8,3953.95,4547.0054
27,m,6,PhD,8,10,3997.58,4547.1313
31,m,10,Ma,7,8,4324.31,4551.8184
31,m,10,Ma,8,7,4914.59,4554.012
31,m,10,Ma,8,7,4581.64,4554.012
26,m,7,PhD,8,9,4819.59,4554.138
29,m,9,Ma,9,9,4582.22,4554.273
30,m,11,Ma,6,8,4226.72,4556.6313
28,m,10,Ma,7,10,4048.61,4556.892
27,m,9,PhD,6,7,5025.38,4558.6904
27,m,9,PhD,6,7,5135.03,4558.691
27,m,9,PhD,6,7,4927.05,4558.691
27,m,9,PhD,6,7,4775.43,4558.691
27,m,9,PhD,6,7,4820.28,4558.691
25,m,8,PhD,7,9,4429.34,4558.951
25,m,8,PhD,7,9,5120.34,4558.951
25,m,8,PhD,7,9,4971.77,4558.951
28,m,10,Ma,8,9,4511.46,4559.086
28,m,10,Ma,8,9,4240.03,4559.086
28,m,10,Ma,8,9,4580.66,4559.086
28,m,10,Ma,8,9,4302.07,4559.086
28,m,10,Ma,8,9,4688.78,4559.086
25,m,8,PhD,8,8,4718.59,4561.145
28,m,10,Ma,9,8,4157.62,4561.28
28,m,10,Ma,9,8,4115.62,4561.28
27,m,11,Ma,7,9,4735.25,4563.899
27,m,11,Ma,7,9,4836.56,4563.899
27,m,11,Ma,7,9,4828.17,4563.899
31,m,7,PhD,6,8,4531.51,4565.318
29,m,6,PhD,7,10,4778.67,4565.579
32,m,8,Ma,8,10,3815.84,4565.7134
24,m,9,PhD,7,8,4996.04,4565.958
27,m,11,Ma,8,8,4916.62,4566.093
27,m,11,Ma,8,8,4844.86,4566.093
27,m,11,Ma,8,8,4471.01,4566.093
27,m,11,Ma,8,8,4527.74,4566.093
27,m,11,Ma,8,8,4761.91,4566.093
27,m,11,Ma,8,8,5234.01,4566.093
24,m,9,PhD,8,7,5029.93,4568.152
28,m,13,Ma,5,7,4879.01,4568.451
33,m,10,Ma,6,8,4027.98,4570.266
31,m,9,Ma,7,10,3931.05,4570.5264
26,m,12,Ma,7,8,5683.72,4570.906
30,m,8,PhD,6,7,4659.78,4572.325
31,m,9,Ma,8,9,4046.59,4572.7207
32,m,11,Ma,6,7,4504.83,4577.273
30,m,10,Ma,7,9,4206.14,4577.5337
30,m,10,Ma,8,8,4485.0,4579.727
30,m,10,Ma,8,8,4763.01,4579.727
28,m,9,Ma,9,10,4242.42,4579.9883
27,m,10,Ma,8,10,4425.07,4584.8013
27,m,10,Ma,8,10,4725.07,4584.8013
27,m,10,Ma,9,9,4551.42,4586.9946
26,m,11,Ma,7,10,4373.54,4589.614
26,m,11,Ma,8,9,4597.02,4591.808
26,m,11,Ma,8,9,4334.97,4591.808
30,m,7,PhD,7,8,4157.71,4593.2275
30,m,7,PhD,7,8,3808.36,4593.2275
30,m,7,PhD,7,8,4799.89,4593.2275
25,m,10,PhD,7,6,4755.18,4593.607
28,m,12,Ma,8,6,4887.92,4593.741
23,m,9,PhD,8,8,4759.07,4593.867
26,m,11,Ma,9,8,4900.54,4594.002
26,m,11,Ma,9,8,4349.96,4594.002
32,m,10,Ma,6,9,4116.54,4595.981
25,m,12,Ma,7,9,4881.35,4596.6206
25,m,12,Ma,7,9,4838.18,4596.6206
25,m,12,Ma,7,9,4883.19,4596.6206
30,m,9,Ma,8,10,4676.54,4598.4355
30,m,9,Ma,8,10,4221.94,4598.4355
22,m,10,PhD,7,8,5135.24,4598.68
25,m,12,Ma,8,8,5201.65,4598.815
29,m,8,PhD,7,7,4954.52,4600.235
27,m,7,PhD,8,9,4872.6,4600.495
27,m,7,PhD,8,9,5569.27,4600.495
24,m,13,Ma,7,8,4469.11,4603.6274
28,m,9,PhD,6,7,5376.14,4605.0474
26,m,8,PhD,7,9,4234.08,4605.308
26,m,8,PhD,7,9,4616.38,4605.308
29,m,10,Ma,8,9,4239.29,4605.443
29,m,10,Ma,8,9,4857.08,4605.443
29,m,10,Ma,8,9,4275.88,4605.443
29,m,10,Ma,8,9,5101.09,4605.443
29,m,10,Ma,8,9,4684.64,4605.443
29,m,10,Ma,8,9,4626.59,4605.443
26,m,8,PhD,8,8,4253.5,4607.502
27,m,9,Ma,10,10,4774.94,4607.897
27,m,10,PhD,5,7,5609.11,4609.8604
21,m,13,Ma,8,9,5013.66,4610.895
27,m,10,PhD,6,6,4708.92,4612.054
28,m,11,Ma,8,8,4327.26,4612.4497
28,m,11,Ma,8,8,4871.23,4612.4497
27,m,12,Ma,7,8,4784.63,4617.262
27,m,12,Ma,7,8,4523.25,4617.262
34,m,10,Ma,7,7,4207.88,4618.817
26,m,11,PhD,6,5,5198.57,4619.061
32,m,9,Ma,8,9,4607.69,4619.077
24,m,10,PhD,7,7,4427.26,4619.322
25,m,11,Ma,10,8,3989.85,4621.9106
24,m,12,Ma,8,9,4142.16,4624.53
28,m,8,PhD,7,8,5179.77,4625.9497
31,m,10,Ma,8,8,4277.9,4626.0845
31,m,10,Ma,8,8,4481.8,4626.0845
31,m,10,Ma,8,8,4991.39,4626.0845
26,m,7,PhD,9,9,4536.62,4628.4043
27,m,9,PhD,6,8,4823.79,4630.762
30,m,11,Ma,7,8,4401.67,4630.897
30,m,11,Ma,7,8,5060.53,4630.897
30,m,11,Ma,7,8,4850.27,4630.897
30,m,11,Ma,7,8,4794.65,4630.897
27,m,9,PhD,7,7,5037.24,4632.9565
30,m,11,Ma,8,7,4777.11,4633.091
28,m,10,Ma,9,9,4530.87,4633.352
25,m,8,PhD,9,8,5075.26,4635.4116
27,m,11,Ma,7,10,4182.43,4635.97
27,m,11,Ma,7,10,5131.26,4635.97
26,m,10,PhD,6,7,4420.25,4637.769
24,m,9,PhD,7,9,4478.54,4638.0303
24,m,9,PhD,7,9,4906.48,4638.0303
27,m,11,Ma,8,9,4322.63,4638.1646
27,m,11,Ma,8,9,4164.77,4638.1646
31,m,7,PhD,7,8,5000.34,4639.5845
26,m,12,Ma,7,9,4938.92,4642.9775
30,m,8,PhD,6,8,4198.67,4644.397
33,m,10,Ma,7,8,3971.36,4644.5317
28,m,13,Ma,7,6,4640.33,4644.9106
23,m,10,PhD,7,8,5065.77,4645.0366
26,m,12,Ma,8,8,4742.71,4645.1714
26,m,12,Ma,8,8,4122.0,4645.1714
23,m,10,PhD,8,7,5048.07,4647.231
26,m,12,Ma,9,7,4672.84,4647.3657
25,m,13,Ma,7,8,5157.8,4649.985
32,m,11,Ma,7,7,4602.64,4651.5386
27,m,8,PhD,7,9,4272.63,4651.6646
30,m,10,Ma,8,9,4107.54,4651.7993
30,m,10,Ma,8,9,4606.0,4651.7993
27,m,8,PhD,8,8,4879.62,4653.8584
27,m,8,PhD,8,8,4386.79,4653.8584
27,m,8,PhD,8,8,4636.2,4653.8584
27,m,8,PhD,8,8,4874.95,4653.8584
27,m,8,PhD,8,8,4786.35,4653.859
29,m,11,Ma,7,9,4759.96,4656.612
29,m,11,Ma,7,9,4398.02,4656.612
29,m,11,Ma,7,9,4328.48,4656.612
29,m,11,Ma,7,9,4354.18,4656.612
26,m,9,PhD,7,8,5090.55,4658.6714
26,m,9,PhD,7,8,4905.69,4658.6714
26,m,9,PhD,7,8,5728.85,4658.6714
29,m,11,Ma,8,8,5000.03,4658.806
29,m,11,Ma,8,8,4307.0,4658.806
29,m,11,Ma,8,8,4885.06,4658.806
29,m,11,Ma,8,8,4978.36,4658.806
29,m,11,Ma,8,8,4584.9,4658.806
29,m,11,Ma,8,8,4243.28,4658.806
27,m,10,Ma,9,10,4592.38,4659.067
26,m,9,PhD,8,7,5306.38,4660.8657
26,m,9,PhD,8,7,5073.24,4660.8657
29,m,11,Ma,9,7,4135.97,4661.0
33,m,9,Ma,7,10,4241.59,4663.24
25,m,10,PhD,6,8,5126.21,4663.4844
28,m,12,Ma,7,8,4802.13,4663.619
28,m,12,Ma,7,8,4663.61,4663.619
28,m,12,Ma,7,8,5147.16,4663.619
28,m,12,Ma,7,8,4528.33,4663.619
28,m,12,Ma,7,8,4320.92,4663.619
28,m,12,Ma,7,8,4687.78,4663.619
28,m,12,Ma,7,8,5299.49,4663.619
23,m,9,PhD,7,10,4724.08,4663.745
26,m,11,Ma,8,10,4596.78,4663.8794
28,m,12,Ma,8,7,4271.07,4665.813
26,m,11,Ma,9,9,4230.73,4666.0737
26,m,11,Ma,9,9,3903.63,4666.0737
30,m,7,PhD,8,8,4595.37,4667.493
27,m,13,Ma,6,8,4591.75,4668.432
27,m,13,Ma,6,8,4522.95,4668.432
32,m,10,Ma,7,9,4336.36,4670.247
22,m,10,PhD,7,9,4425.28,4670.752
25,m,12,Ma,8,9,4310.72,4670.8867
25,m,12,Ma,8,9,4366.91,4670.8867
29,m,8,PhD,7,8,5122.11,4672.306
22,m,10,PhD,8,8,5320.53,4672.946
22,m,10,PhD,8,8,4862.48,4672.946
25,m,12,Ma,9,8,4677.22,4673.0806
28,m,9,PhD,6,8,4973.27,4677.1196
28,m,9,PhD,7,7,4449.85,4679.3135
26,m,8,PhD,8,9,4343.71,4679.5737
28,m,11,Ma,7,10,4786.79,4682.3276
28,m,11,Ma,7,10,4362.11,4682.3276
28,m,11,Ma,7,10,4799.51,4682.3276
27,m,10,PhD,6,7,5109.31,4684.1265
25,m,9,PhD,7,9,4630.75,4684.386
25,m,9,PhD,7,9,4374.66,4684.3867
28,m,11,Ma,8,9,4603.96,4684.5215
28,m,11,Ma,8,9,4011.29,4684.5215
28,m,11,Ma,8,9,4593.22,4684.5215
28,m,11,Ma,8,9,5120.59,4684.5215
25,m,9,PhD,8,8,4565.36,4686.5806
25,m,9,PhD,8,8,4581.98,4686.5806
25,m,9,PhD,9,7,4914.16,4688.775
29,m,13,Ma,6,7,4601.3,4689.0737
29,m,13,Ma,6,7,4871.21,4689.0737
24,m,10,PhD,6,9,4639.5,4689.1997
27,m,12,Ma,7,9,4635.48,4689.3345
34,m,10,Ma,7,8,4311.33,4690.888
29,m,7,PhD,7,10,5165.52,4691.0146
32,m,9,Ma,8,10,4601.41,4691.149
24,m,10,PhD,7,8,4900.09,4691.393
27,m,12,Ma,8,8,4717.83,4691.5283
22,m,9,PhD,8,10,4682.32,4691.654
24,m,10,PhD,8,7,4815.58,4693.588
23,m,11,PhD,6,8,4990.56,4696.2065
26,m,13,Ma,7,8,4620.01,4696.3413
33,m,11,Ma,7,7,4732.85,4697.8955
28,m,8,PhD,7,9,4177.74,4698.021
31,m,10,Ma,8,9,4627.78,4698.1562
31,m,10,Ma,8,9,4645.25,4698.1562
28,m,8,PhD,8,8,4688.49,4700.2153
28,m,8,PhD,8,8,5586.61,4700.2153
31,m,10,Ma,9,8,4276.7,4700.35
31,m,10,Ma,9,8,3914.53,4700.35
30,m,11,Ma,7,9,4125.2,4702.969
30,m,11,Ma,7,9,4207.6,4702.969
30,m,11,Ma,7,9,4394.18,4702.969
30,m,11,Ma,7,9,4479.04,4702.969
30,m,11,Ma,7,9,4813.26,4702.969
30,m,11,Ma,7,9,4702.89,4702.969
20,m,11,PhD,7,9,4771.46,4703.474
27,m,9,PhD,7,8,4635.62,4705.029
27,m,9,PhD,7,8,4808.29,4705.029
27,m,9,PhD,7,8,4661.47,4705.029
27,m,9,PhD,7,8,4365.53,4705.029
30,m,11,Ma,8,8,4409.04,4705.1626
30,m,11,Ma,9,7,4630.67,4707.357
26,m,10,PhD,6,8,5346.71,4709.8413
26,m,10,PhD,6,8,4530.03,4709.8413
26,m,10,PhD,6,8,5153.87,4709.8413
26,m,10,PhD,6,8,4531.86,4709.8413
26,m,10,PhD,6,8,5317.78,4709.8413
29,m,12,Ma,7,8,4363.52,4709.976
29,m,12,Ma,7,8,4145.04,4709.976
24,m,9,PhD,7,10,4805.41,4710.102
24,m,9,PhD,7,10,5037.79,4710.102
31,m,7,PhD,7,9,4877.83,4711.6562
24,m,9,PhD,8,9,4104.38,4712.2954
27,m,11,Ma,9,9,4443.52,4712.43
28,m,13,Ma,6,8,4871.44,4714.7886
26,m,12,Ma,7,10,4063.04,4715.0493
33,m,10,Ma,7,9,4941.08,4716.6035
25,m,11,PhD,6,7,5160.56,4716.848
25,m,11,PhD,6,7,4437.73,4716.848
23,m,10,PhD,7,9,4952.83,4717.109
23,m,10,PhD,7,9,4956.91,4717.109
26,m,12,Ma,8,9,5033.66,4717.243
26,m,12,Ma,8,9,4155.48,4717.243
30,m,8,PhD,7,8,5117.88,4718.663
30,m,8,PhD,7,8,4584.08,4718.663
26,m,12,Ma,9,8,4497.66,4719.437
30,m,8,PhD,8,7,4159.88,4720.857
30,m,8,PhD,8,7,4707.79,4720.857
29,m,9,PhD,6,8,4851.2,4723.476
32,m,11,Ma,7,8,4890.87,4723.61
30,m,10,Ma,8,10,4049.82,4723.871
22,m,11,PhD,7,8,5295.78,4724.1157
32,m,11,Ma,8,7,4261.65,4725.804
32,m,11,Ma,8,7,4514.39,4725.804
27,m,8,PhD,8,9,5210.27,4725.9307
27,m,8,PhD,8,9,4843.69,4725.9307
30,m,10,Ma,9,9,4381.68,4726.065
30,m,10,Ma,9,9,4722.7,4726.065
25,m,13,Ma,9,7,4959.18,4726.4443
29,m,11,Ma,7,10,3982.14,4728.684
28,m,10,PhD,6,7,4823.46,4730.483
28,m,10,PhD,6,7,5550.07,4730.483
26,m,9,PhD,7,9,4428.74,4730.7437
26,m,9,PhD,7,9,4482.83,4730.7437
26,m,9,PhD,7,9,4708.89,4730.7437
26,m,9,PhD,7,9,4772.79,4730.7437
29,m,11,Ma,8,9,4278.28,4730.878
26,m,9,PhD,8,8,5339.7,4732.937
26,m,9,PhD,8,8,5164.28,4732.937
26,m,9,PhD,8,8,4504.79,4732.937
29,m,11,Ma,9,8,4658.21,4733.0723
28,m,12,Ma,7,9,4433.86,4735.691
28,m,12,Ma,7,9,4560.12,4735.691
30,m,7,PhD,7,10,4668.99,4737.371
27,m,11,PhD,6,6,5244.95,4737.4897
33,m,9,Ma,8,10,4049.84,4737.5063
25,m,10,PhD,7,8,5030.35,4737.7505
25,m,10,PhD,7,8,4843.8,4737.7505
25,m,10,PhD,7,8,5163.22,4737.7505
28,m,12,Ma,8,8,4546.11,4737.8853
23,m,9,PhD,8,10,4152.18,4738.011
26,m,11,Ma,9,10,4630.74,4738.145
32,m,8,PhD,7,7,5124.79,4739.304
27,m,13,Ma,7,8,4411.1,4742.6978
27,m,13,Ma,7,8,5332.94,4742.6978
33,m,12,Ma,6,7,5063.4,4749.065
31,m,11,Ma,7,9,4112.53,4749.3257
31,m,11,Ma,7,9,4921.66,4749.3257
21,m,11,PhD,7,9,4944.07,4749.8306
24,m,13,Ma,8,9,4950.19,4749.9653
28,m,9,PhD,7,8,5117.57,4751.3853
28,m,9,PhD,7,8,4642.18,4751.3853
28,m,9,PhD,7,8,4480.06,4751.3853
28,m,9,PhD,7,8,5070.29,4751.3853
28,m,9,PhD,7,8,5356.77,4751.3853
26,m,8,PhD,8,10,4881.67,4751.6455
26,m,8,PhD,8,10,4863.37,4751.6455
26,m,8,PhD,9,9,4617.17,4753.84
26,m,8,PhD,9,9,4558.68,4753.84
27,m,10,PhD,6,8,5679.99,4756.1978
27,m,10,PhD,6,8,5371.09,4756.1978
30,m,12,Ma,7,8,5396.86,4756.3325
30,m,12,Ma,7,8,4368.6,4756.3325
28,m,11,Ma,8,10,4546.94,4756.5933
28,m,11,Ma,8,10,4442.74,4756.5933
27,m,10,PhD,7,7,4610.44,4758.392
25,m,9,PhD,8,9,5357.39,4758.653
25,m,9,PhD,8,9,5477.55,4758.653
25,m,9,PhD,8,9,4796.3,4758.653
25,m,9,PhD,8,9,5407.91,4758.653
27,m,10,PhD,8,6,5165.34,4760.586
26,m,11,PhD,6,7,4969.45,4763.2046
24,m,10,PhD,7,9,5007.68,4763.4653
24,m,10,PhD,7,9,4957.14,4763.4653
27,m,12,Ma,8,9,5233.88,4763.6
27,m,12,Ma,8,9,4508.84,4763.6
27,m,12,Ma,8,9,4536.9,4763.6
24,m,10,PhD,8,8,5336.24,4765.6597
24,m,10,PhD,8,8,4588.11,4765.6597
24,m,10,PhD,8,8,4990.37,4765.6597
26,m,13,Ma,7,9,4905.91,4768.413
33,m,11,Ma,7,8,4844.01,4769.9673
28,m,8,PhD,7,10,5116.0,4770.0933
26,m,13,Ma,8,8,5164.29,4770.607
26,m,13,Ma,8,8,5041.35,4770.607
29,m,10,PhD,6,7,4708.05,4776.8394
29,m,10,PhD,6,7,5716.21,4776.8394
32,m,12,Ma,7,7,5249.27,4776.974
27,m,9,PhD,7,9,4926.44,4777.1
27,m,9,PhD,7,9,5041.3,4777.1
27,m,9,PhD,7,9,4812.0,4777.1
30,m,11,Ma,8,9,4972.85,4777.235
30,m,11,Ma,8,9,4094.11,4777.235
30,m,11,Ma,8,9,5074.18,4777.235
27,m,9,PhD,8,8,4606.82,4779.2944
27,m,9,PhD,8,8,4799.55,4779.2944
27,m,9,PhD,8,8,5053.11,4779.2944
30,m,11,Ma,9,8,4242.91,4779.4287
30,m,11,Ma,9,8,4354.01,4779.4287
27,m,9,PhD,9,7,4659.97,4781.4883
29,m,12,Ma,7,9,4776.7,4782.0474
29,m,12,Ma,7,9,4368.34,4782.0474
26,m,10,PhD,7,8,5285.49,4784.107
26,m,10,PhD,7,8,4884.25,4784.107
26,m,10,PhD,7,8,5239.72,4784.107
26,m,10,PhD,7,8,4637.74,4784.107
26,m,10,PhD,7,8,4910.04,4784.107
26,m,10,PhD,7,8,5044.5,4784.107
29,m,12,Ma,8,8,4986.22,4784.2417
29,m,12,Ma,8,8,4591.35,4784.2417
29,m,12,Ma,8,8,4793.88,4784.2417
29,m,12,Ma,8,8,5001.59,4784.2417
27,m,11,Ma,9,10,4938.78,4784.5024
31,m,7,PhD,8,9,4301.62,4785.9224
26,m,10,PhD,8,7,4633.83,4786.3013
29,m,12,Ma,9,7,4805.4,4786.436
26,m,12,Ma,8,10,4342.14,4789.315
30,m,8,PhD,7,9,5034.75,4790.7354
25,m,11,PhD,7,7,4909.4,4791.114
25,m,11,PhD,7,7,5089.69,4791.114
23,m,10,PhD,8,9,5004.76,4791.3745
26,m,12,Ma,9,9,4988.55,4791.5093
29,m,9,PhD,7,8,5119.61,4797.7417
32,m,11,Ma,8,8,4477.01,4797.8765
22,m,11,PhD,8,8,4999.62,4798.3813
27,m,8,PhD,9,9,4391.88,4800.197
28,m,10,PhD,6,8,5182.78,4802.554
31,m,12,Ma,7,8,4795.34,4802.689
31,m,12,Ma,7,8,4913.75,4802.689
26,m,9,PhD,7,10,4735.03,4802.816
31,m,12,Ma,8,7,4736.27,4804.8833
26,m,9,PhD,8,9,3957.15,4805.0093
26,m,9,PhD,8,9,4765.95,4805.0093
26,m,9,PhD,8,9,4578.17,4805.0093
26,m,9,PhD,9,8,4749.81,4807.2036
27,m,11,PhD,6,7,5338.5,4809.5615
27,m,11,PhD,6,7,5352.51,4809.5615
25,m,10,PhD,7,9,4994.22,4809.8223
25,m,10,PhD,7,9,4704.47,4809.8223
25,m,10,PhD,7,9,4886.67,4809.8223
25,m,10,PhD,7,9,4971.19,4809.8223
28,m,12,Ma,8,9,4739.11,4809.957
28,m,12,Ma,9,8,4610.65,4812.151
32,m,8,PhD,8,7,4184.41,4813.5703
31,m,9,PhD,6,8,4131.7,4816.189
29,m,8,PhD,7,10,4724.7,4816.45
27,m,13,Ma,8,8,4338.3,4816.964
25,m,12,Ma,9,10,4843.57,4817.224
29,m,8,PhD,8,9,5003.37,4818.644
31,m,11,Ma,7,10,4419.45,4821.398
33,m,12,Ma,7,7,4201.34,4823.3306
28,m,9,PhD,7,9,4608.04,4823.457
28,m,9,PhD,7,9,5561.65,4823.457
31,m,11,Ma,8,9,4788.65,4823.5913
21,m,11,PhD,8,9,5393.97,4824.0967
28,m,9,PhD,8,8,5347.36,4825.651
28,m,9,PhD,8,8,4288.17,4825.651
28,m,9,PhD,8,8,4972.21,4825.651
28,m,9,PhD,8,8,5328.47,4825.651
28,m,9,PhD,8,8,4525.28,4825.651
28,m,9,PhD,8,8,5247.3,4825.651
28,m,9,PhD,8,8,4675.55,4825.651
28,m,9,PhD,9,7,4637.34,4827.845
30,m,12,Ma,7,9,4417.97,4828.405
23,m,14,Ma,8,9,5032.24,4829.044
27,m,10,PhD,7,8,4638.66,4830.4634
27,m,10,PhD,7,8,4659.68,4830.4634
27,m,10,PhD,7,8,4796.74,4830.4634
27,m,10,PhD,7,8,5017.88,4830.4634
30,m,12,Ma,8,8,4647.93,4830.5986
30,m,12,Ma,8,8,5082.76,4830.5986
25,m,9,PhD,8,10,4551.31,4830.7246
27,m,10,PhD,8,7,4862.94,4832.6577
25,m,9,PhD,9,9,4346.75,4832.9185
26,m,11,PhD,6,8,4886.69,4835.277
29,m,13,Ma,7,8,4885.89,4835.411
29,m,13,Ma,7,8,4312.43,4835.411
27,m,12,Ma,8,10,4609.46,4835.672
27,m,12,Ma,8,10,4452.16,4835.672
24,m,10,PhD,8,9,5190.87,4837.731
24,m,10,PhD,8,9,3934.75,4837.731
28,m,14,Ma,5,9,4994.14,4838.031
24,m,10,PhD,9,8,4617.98,4839.9253
31,m,8,PhD,9,7,4871.5,4841.48
32,m,10,PhD,5,7,5265.19,4841.644
33,m,11,Ma,7,9,4587.5,4842.0396
28,m,8,PhD,8,10,4665.84,4844.359
31,m,10,Ma,9,10,4752.08,4844.4937
26,m,13,Ma,9,8,4610.41,4844.873
33,m,11,Ma,9,7,5007.16,4846.4272
28,m,8,PhD,9,9,4912.64,4846.553
25,m,14,Ma,7,9,5025.74,4847.4917
29,m,10,PhD,6,8,4649.27,4848.9116
27,m,9,PhD,7,10,4608.37,4849.1724
29,m,10,PhD,7,7,4758.8,4851.1055
29,m,10,PhD,7,7,5206.59,4851.1055
27,m,9,PhD,8,9,4508.38,4851.3657
30,m,11,Ma,9,9,4322.02,4851.5005
30,m,11,Ma,9,9,4794.62,4851.5005
27,m,9,PhD,9,8,4999.63,4853.56
27,m,9,PhD,9,8,4570.44,4853.56
28,m,11,PhD,6,7,5108.42,4855.9185
26,m,10,PhD,7,9,5342.66,4856.179
26,m,10,PhD,7,9,4489.62,4856.179
26,m,10,PhD,7,9,5011.24,4856.179
26,m,10,PhD,8,8,4773.8,4858.3726
26,m,10,PhD,8,8,5056.18,4858.3726
26,m,10,PhD,8,8,4899.29,4858.3726
26,m,10,PhD,8,8,5354.35,4858.3726
26,m,10,PhD,8,8,4658.59,4858.3726
29,m,12,Ma,9,8,4840.26,4858.5073
26,m,10,PhD,9,7,5247.3,4860.567
28,m,13,Ma,7,9,4588.79,4861.1265
30,m,8,PhD,7,10,4741.61,4862.8066
27,m,12,PhD,6,6,5055.58,4862.9253
25,m,11,PhD,7,8,4883.11,4863.186
30,m,8,PhD,8,9,4765.73,4865.0005
30,m,8,PhD,8,9,4573.33,4865.0005
25,m,11,PhD,8,7,5217.71,4865.3804
30,m,8,PhD,9,8,4301.32,4867.195
29,m,9,PhD,7,9,5490.22,4869.814
29,m,9,PhD,7,9,4573.75,4869.814
24,m,12,PhD,7,7,4962.79,4870.193
29,m,9,PhD,8,8,4948.89,4872.008
29,m,9,PhD,8,8,4599.71,4872.008
27,m,8,PhD,9,10,4017.43,4872.268
31,m,12,Ma,7,9,5216.13,4874.761
28,m,10,PhD,7,8,4391.67,4876.821
28,m,10,PhD,7,8,4805.46,4876.821
28,m,10,PhD,7,8,5175.38,4876.821
28,m,10,PhD,7,8,4575.49,4876.821
28,m,10,PhD,7,8,5225.88,4876.821
26,m,9,PhD,8,10,5287.78,4877.081
26,m,9,PhD,8,10,4922.94,4877.081
26,m,9,PhD,9,9,4392.91,4879.2754
29,m,11,Ma,10,9,4258.74,4879.4097
34,m,9,PhD,5,8,4678.16,4880.9937
25,m,10,PhD,7,10,4922.61,4881.894
25,m,10,PhD,7,10,5683.29,4881.894
35,m,10,Ma,8,9,4115.46,4883.583
25,m,10,PhD,8,9,5273.47,4884.0884
25,m,10,PhD,8,9,5042.69,4884.0884
25,m,10,PhD,8,9,4509.05,4884.0884
28,m,12,Ma,9,9,3966.39,4884.223
32,m,8,PhD,8,8,4675.52,4885.642
23,m,9,PhD,10,10,4890.27,4886.5425
31,m,9,PhD,7,8,4929.57,4890.455
31,m,9,PhD,7,8,4872.7,4890.455
31,m,9,PhD,7,8,4306.22,4890.455
31,m,9,PhD,7,8,4909.73,4890.455
31,m,9,PhD,7,8,5674.43,4890.455
24,m,11,PhD,8,8,4962.76,4891.0947
24,m,11,PhD,8,8,4766.25,4891.0947
24,m,11,PhD,8,8,4839.48,4891.0947
24,m,11,PhD,8,8,5021.22,4891.0947
26,m,14,Ma,7,9,4296.34,4893.848
28,m,9,PhD,7,10,5105.67,4895.529
28,m,9,PhD,7,10,4820.48,4895.529
31,m,11,Ma,8,10,4959.07,4895.663
31,m,11,Ma,8,10,4522.59,4895.663
26,m,14,Ma,8,8,5093.7,4896.0425
30,m,10,PhD,7,7,5383.17,4897.4624
28,m,9,PhD,8,9,4838.25,4897.723
28,m,9,PhD,8,9,4396.41,4897.723
28,m,9,PhD,8,9,4896.9,4897.723
28,m,9,PhD,8,9,4722.64,4897.723
28,m,9,PhD,8,9,4503.38,4897.723
28,m,9,PhD,9,8,4893.9,4899.917
28,m,9,PhD,9,8,4912.19,4899.917
30,m,12,Ma,7,10,4256.43,4900.476
29,m,11,PhD,6,7,4348.28,4902.275
29,m,11,PhD,6,7,5124.89,4902.275
27,m,10,PhD,7,9,4931.24,4902.5356
27,m,10,PhD,7,9,5230.57,4902.5356
27,m,10,PhD,7,9,4385.72,4902.5356
27,m,10,PhD,7,9,5052.33,4902.5356
30,m,12,Ma,8,9,4821.5,4902.6704
30,m,12,Ma,8,9,5410.79,4902.6704
30,m,12,Ma,8,9,4502.92,4902.6704
30,m,12,Ma,8,9,4438.37,4902.6704
27,m,10,PhD,8,8,5223.23,4904.7295
27,m,10,PhD,8,8,5630.53,4904.7295
27,m,10,PhD,8,8,4720.77,4904.7295
27,m,10,PhD,8,8,5051.87,4904.7295
27,m,10,PhD,8,8,5300.79,4904.7295
27,m,10,PhD,8,8,4726.42,4904.7295
26,m,11,PhD,6,9,5037.16,4907.348
26,m,11,PhD,7,8,5272.73,4909.5425
26,m,11,PhD,7,8,5214.47,4909.5425
26,m,11,PhD,7,8,4779.19,4909.5425
29,m,13,Ma,8,8,5272.85,4909.6772
29,m,13,Ma,8,8,4970.41,4909.6772
29,m,13,Ma,8,8,4670.88,4909.6772
31,m,8,PhD,8,9,5164.19,4911.3574
26,m,11,PhD,8,7,5342.31,4911.737
28,m,14,Ma,7,8,4812.28,4914.4897
26,m,13,Ma,8,10,4962.52,4914.7505
32,m,10,PhD,6,7,4919.01,4915.9097
30,m,9,PhD,7,9,5309.9,4916.1704
30,m,9,PhD,7,9,5358.31,4916.1704
30,m,9,PhD,7,9,4233.61,4916.1704
30,m,9,PhD,7,9,4786.6,4916.1704
33,m,11,Ma,8,9,4626.68,4916.305
23,m,11,PhD,8,9,4516.59,4916.81
23,m,11,PhD,8,9,5282.69,4916.81
30,m,9,PhD,8,8,4783.66,4918.3647
25,m,14,Ma,7,10,4960.02,4919.5635
29,m,10,PhD,6,9,4482.15,4920.984
32,m,12,Ma,7,9,4842.0,4921.118
22,m,12,PhD,7,9,5707.46,4921.623
29,m,10,PhD,7,8,4568.14,4923.1772
29,m,10,PhD,7,8,5191.99,4923.1772
29,m,10,PhD,7,8,4678.42,4923.1772
29,m,10,PhD,7,8,4629.1,4923.1772
29,m,10,PhD,7,8,4976.34,4923.1772
25,m,14,Ma,9,8,4645.34,4923.9517
29,m,10,PhD,8,7,4791.88,4925.3716
27,m,9,PhD,9,9,4982.33,4925.6323
27,m,9,PhD,9,9,4822.15,4925.6323
27,m,9,PhD,9,9,5044.86,4925.6323
28,m,11,PhD,6,8,4866.24,4927.9897
28,m,11,PhD,6,8,5178.5,4927.9897
28,m,11,PhD,6,8,4856.27,4927.9897
31,m,13,Ma,7,8,4656.95,4928.125
26,m,10,PhD,7,10,4928.05,4928.251
26,m,10,PhD,7,10,5063.48,4928.251
28,m,11,PhD,7,7,5573.52,4930.184
31,m,13,Ma,8,7,4257.44,4930.319
31,m,13,Ma,8,7,4799.66,4930.319
26,m,10,PhD,8,9,4892.32,4930.445
26,m,10,PhD,8,9,4769.0,4930.445
26,m,10,PhD,8,9,4935.84,4930.445
26,m,10,PhD,8,9,4490.04,4930.445
26,m,10,PhD,9,8,5306.4,4932.639
27,m,12,PhD,6,7,5159.39,4934.997
25,m,11,PhD,7,9,4732.85,4935.2573
25,m,11,PhD,7,9,4847.85,4935.2573
25,m,11,PhD,7,9,5215.81,4935.2573
25,m,11,PhD,7,9,5417.98,4935.2573
28,m,13,Ma,8,9,4259.11,4935.393
30,m,8,PhD,8,10,4615.2,4937.0728
25,m,11,PhD,8,8,4525.73,4937.452
25,m,11,PhD,8,8,4933.52,4937.452
25,m,11,PhD,8,8,4091.07,4937.452
25,m,11,PhD,8,8,5370.82,4937.452
25,m,11,PhD,8,8,5116.57,4937.452
32,m,9,PhD,8,7,5098.25,4939.006
29,m,9,PhD,8,9,5244.29,4944.0796
29,m,9,PhD,8,9,5162.75,4944.0796
30,m,11,PhD,6,7,5433.16,4948.632
28,m,10,PhD,7,9,4307.34,4948.8926
28,m,10,PhD,7,9,5055.62,4948.8926
28,m,10,PhD,7,9,5156.11,4948.8926
28,m,10,PhD,7,9,4919.49,4948.8926
31,m,12,Ma,8,9,4810.51,4949.0273
28,m,10,PhD,8,8,5091.92,4951.0864
28,m,10,PhD,8,8,5174.92,4951.0864
28,m,10,PhD,8,8,5262.07,4951.0864
28,m,10,PhD,8,8,5188.72,4951.0864
28,m,10,PhD,8,8,4978.89,4951.0864
26,m,9,PhD,9,10,5055.61,4951.347
30,m,13,Ma,7,9,4962.42,4953.84
27,m,11,PhD,7,8,4798.03,4955.8994
27,m,11,PhD,7,8,5740.71,4955.8994
27,m,11,PhD,7,8,4712.56,4955.8994
27,m,11,PhD,7,8,5579.3,4955.8994
25,m,10,PhD,8,10,4487.38,4956.1597
25,m,10,PhD,8,10,5281.77,4956.1597
25,m,10,PhD,9,9,5104.28,4958.354
24,m,11,PhD,7,10,5523.02,4960.973
31,m,9,PhD,7,9,4935.28,4962.527
26,m,12,PhD,7,7,4909.09,4962.9062
24,m,11,PhD,8,9,5604.7,4963.167
24,m,11,PhD,8,9,4783.31,4963.167
30,m,10,PhD,7,8,5349.96,4969.5337
30,m,10,PhD,7,8,5064.46,4969.5337
30,m,10,PhD,7,8,4884.6,4969.5337
30,m,10,PhD,7,8,4522.63,4969.5337
30,m,10,PhD,7,8,4863.68,4969.5337
30,m,10,PhD,7,8,5166.27,4969.5337
28,m,9,PhD,8,10,4809.75,4969.7944
28,m,9,PhD,8,10,5229.27,4969.7944
30,m,10,PhD,8,7,5242.91,4971.728
30,m,10,PhD,8,7,4720.23,4971.728
27,m,10,PhD,7,10,5223.62,4974.608
27,m,10,PhD,7,10,5070.1,4974.608
34,m,8,PhD,7,9,4553.17,4976.162
29,m,11,PhD,7,7,5101.65,4976.5405
27,m,10,PhD,8,9,5017.17,4976.8013
30,m,12,Ma,9,9,4709.26,4976.9365
27,m,10,PhD,9,8,5037.62,4978.9956
29,m,13,Ma,7,10,5055.14,4979.555
26,m,11,PhD,7,9,4794.77,4981.6147
26,m,11,PhD,7,9,4956.26,4981.6147
26,m,11,PhD,7,9,5291.03,4981.6147
26,m,11,PhD,7,9,4999.84,4981.6147
29,m,13,Ma,8,9,5061.54,4981.749
26,m,11,PhD,8,8,5282.22,4983.808
26,m,11,PhD,8,8,5212.53,4983.808
26,m,11,PhD,8,8,5289.7,4983.808
26,m,11,PhD,8,8,5171.03,4983.808
26,m,11,PhD,8,8,5272.03,4983.808
26,m,11,PhD,8,8,5148.56,4983.808
29,m,13,Ma,9,8,4541.43,4983.9434
31,m,8,PhD,9,9,5061.59,4985.6235
30,m,9,PhD,7,10,4483.35,4988.2427
30,m,9,PhD,7,10,4679.61,4988.2427
25,m,12,PhD,7,8,5354.74,4988.6216
25,m,12,PhD,7,8,4852.48,4988.6216
25,m,12,PhD,7,8,5579.09,4988.6216
30,m,9,PhD,8,9,4539.08,4990.436
30,m,9,PhD,8,9,4985.02,4990.436
25,m,12,PhD,8,7,4746.91,4990.815
29,m,10,PhD,7,9,5173.41,4995.2495
29,m,10,PhD,7,9,4875.44,4995.2495
29,m,10,PhD,7,9,5256.44,4995.2495
29,m,10,PhD,7,9,5324.23,4995.2495
29,m,10,PhD,8,8,5438.06,4997.443
29,m,10,PhD,8,8,5460.92,4997.443
29,m,10,PhD,8,8,4869.78,4997.443
28,m,11,PhD,6,9,4869.61,5000.062
31,m,13,Ma,7,9,4823.98,5000.197
28,m,11,PhD,7,8,4817.0,5002.2563
28,m,11,PhD,7,8,5193.25,5002.2563
28,m,11,PhD,7,8,4579.19,5002.2563
28,m,11,PhD,7,8,5164.24,5002.2563
28,m,11,PhD,7,8,4983.43,5002.2563
28,m,11,PhD,7,8,4771.45,5002.2563
28,m,11,PhD,7,8,5148.61,5002.2563
28,m,11,PhD,7,8,4823.6,5002.2563
31,m,13,Ma,8,8,5238.34,5002.391
26,m,10,PhD,8,10,4390.58,5002.5166
26,m,10,PhD,8,10,5144.53,5002.5166
26,m,10,PhD,8,10,4573.99,5002.5166
28,m,11,PhD,8,7,4965.93,5004.45
30,m,14,Ma,7,8,5282.97,5007.2036
32,m,9,PhD,7,9,4770.63,5008.8843
27,m,12,PhD,7,7,5159.84,5009.263
27,m,12,PhD,7,7,5150.8,5009.263
25,m,11,PhD,8,9,4641.34,5009.5234
25,m,11,PhD,8,9,4956.69,5009.5234
25,m,11,PhD,9,8,5088.79,5011.7183
24,m,12,PhD,7,9,4781.02,5014.3364
24,m,12,PhD,7,9,4982.44,5014.3364
31,m,10,PhD,7,8,5303.38,5015.891
31,m,10,PhD,7,8,5313.35,5015.891
31,m,10,PhD,7,8,3948.51,5015.891
29,m,9,PhD,8,10,5006.58,5016.152
24,m,12,PhD,8,8,5183.52,5016.5303
30,m,11,PhD,6,8,5028.68,5020.7036
28,m,10,PhD,7,10,5658.02,5020.9644
28,m,10,PhD,7,10,5022.92,5020.9644
28,m,10,PhD,8,9,4923.07,5023.1587
28,m,10,PhD,8,9,4696.81,5023.1587
28,m,10,PhD,8,9,4563.42,5023.1587
28,m,10,PhD,8,9,4830.05,5023.1587
28,m,10,PhD,8,9,4777.9,5023.1587
28,m,10,PhD,8,9,4862.19,5023.1587
28,m,10,PhD,9,8,4447.75,5025.3525
28,m,10,PhD,9,8,5038.45,5025.3525
28,m,10,PhD,9,8,5223.07,5025.3525
33,m,7,PhD,10,9,4606.55,5027.1675
27,m,11,PhD,7,9,5047.35,5027.971
27,m,11,PhD,7,9,4709.08,5027.971
27,m,11,PhD,7,9,5481.29,5027.971
30,m,13,Ma,8,9,5636.63,5028.106
30,m,13,Ma,8,9,5243.32,5028.106
27,m,11,PhD,8,8,5717.76,5030.1655
27,m,11,PhD,8,8,4778.69,5030.1655
27,m,11,PhD,8,8,4624.97,5030.1655
27,m,11,PhD,8,8,5563.47,5030.1655
27,m,11,PhD,8,8,5592.44,5030.1655
28,m,12,Ma,10,10,4476.91,5030.5605
26,m,12,PhD,6,9,5136.0,5032.7847
29,m,14,Ma,7,9,4494.14,5032.9185
26,m,12,PhD,7,8,4647.48,5034.978
25,m,13,PhD,6,8,4643.45,5039.791
30,m,10,PhD,7,9,5569.2,5041.606
30,m,10,PhD,7,9,4738.57,5041.606
30,m,10,PhD,7,9,4604.1,5041.606
30,m,10,PhD,7,9,4217.79,5041.606
25,m,13,PhD,7,7,5701.11,5041.985
23,m,12,PhD,8,9,5372.0,5042.2456
30,m,10,PhD,8,8,5224.18,5043.8003
25,m,13,PhD,8,6,4907.0,5044.179
29,m,11,PhD,7,8,5069.63,5048.613
29,m,11,PhD,7,8,4496.04,5048.613
29,m,11,PhD,7,8,4673.74,5048.613
29,m,11,PhD,7,8,5277.41,5048.613
27,m,10,PhD,8,10,4982.43,5048.873
29,m,11,PhD,8,7,5440.11,5050.8066
29,m,11,PhD,8,7,5448.89,5050.8066
29,m,11,PhD,8,7,5175.53,5050.8066
27,m,10,PhD,9,9,4685.94,5051.068
27,m,10,PhD,9,9,5045.09,5051.068
27,m,10,PhD,9,9,4443.97,5051.068
28,m,12,PhD,6,8,5565.13,5053.426
31,m,14,Ma,7,8,5879.07,5053.56
26,m,11,PhD,7,10,4566.13,5053.686
26,m,11,PhD,7,10,5161.68,5053.686
26,m,11,PhD,7,10,4766.5,5053.686
33,m,9,PhD,7,9,5312.92,5055.2407
26,m,11,PhD,8,9,5362.15,5055.8804
26,m,11,PhD,8,9,5620.16,5055.8804
26,m,11,PhD,8,9,5218.73,5055.8804
26,m,11,PhD,8,9,5214.53,5055.8804
26,m,11,PhD,9,8,4756.2,5058.074
30,m,9,PhD,8,10,4838.95,5062.5083
31,m,11,PhD,6,8,5103.1,5067.06
31,m,11,PhD,6,8,4690.54,5067.06
31,m,11,PhD,6,8,5189.66,5067.06
29,m,10,PhD,7,10,4964.78,5067.321
31,m,11,PhD,7,7,5044.47,5069.2544
31,m,11,PhD,7,7,4793.86,5069.2544
29,m,10,PhD,8,9,5059.24,5069.515
29,m,10,PhD,8,9,4661.62,5069.515
29,m,10,PhD,8,9,4972.84,5069.515
29,m,10,PhD,9,8,4356.81,5071.7095
30,m,12,PhD,6,7,4961.57,5074.067
30,m,12,PhD,6,7,5063.81,5074.067
30,m,12,PhD,6,7,4578.34,5074.067
28,m,11,PhD,7,9,4934.79,5074.328
28,m,11,PhD,7,9,5746.29,5074.328
28,m,11,PhD,7,9,5517.26,5074.328
31,m,13,Ma,8,9,4806.44,5074.4634
28,m,11,PhD,8,8,5388.53,5076.522
28,m,11,PhD,8,8,5125.53,5076.522
28,m,11,PhD,8,8,5117.57,5076.522
28,m,11,PhD,8,8,5405.27,5076.522
27,m,12,PhD,7,8,5549.52,5081.3345
25,m,11,PhD,8,10,5986.98,5081.595
32,m,9,PhD,8,9,4867.46,5083.15
25,m,11,PhD,9,9,4595.83,5083.7896
34,m,12,Ma,7,10,4334.95,5085.903
26,m,13,PhD,6,8,5803.69,5086.148
27,m,14,Ma,8,10,5089.3,5086.5425
31,m,10,PhD,7,9,4919.79,5087.9624
34,m,12,Ma,8,9,4684.67,5088.097
24,m,12,PhD,8,9,5321.35,5088.6025
31,m,10,PhD,8,8,5254.09,5090.1567
31,m,10,PhD,8,8,5439.88,5090.1567
24,m,12,PhD,9,8,5487.04,5090.7964
31,m,10,PhD,9,7,4299.26,5092.351
30,m,11,PhD,6,9,5154.71,5092.7754
25,m,14,PhD,6,7,5350.65,5093.155
30,m,11,PhD,7,8,5175.69,5094.9697
30,m,11,PhD,7,8,5577.25,5094.9697
28,m,10,PhD,8,10,5473.27,5095.23
28,m,10,PhD,8,10,5403.24,5095.23
28,m,10,PhD,8,10,5168.16,5095.23
28,m,10,PhD,10,8,4677.57,5099.6187
27,m,11,PhD,8,9,5013.59,5102.237
27,m,11,PhD,8,9,5260.23,5102.237
27,m,11,PhD,8,9,4902.89,5102.237
27,m,11,PhD,8,9,5402.97,5102.237
27,m,11,PhD,8,9,4661.34,5102.237
28,m,13,PhD,6,7,4717.11,5106.7896
26,m,12,PhD,7,9,5147.33,5107.0503
26,m,12,PhD,7,9,4529.92,5107.0503
26,m,12,PhD,8,8,4882.99,5109.244
26,m,12,PhD,8,8,5144.53,5109.244
33,m,10,PhD,8,7,4963.16,5110.7983
25,m,13,PhD,7,8,5571.84,5114.057
30,m,10,PhD,8,9,5378.68,5115.872
30,m,10,PhD,8,9,5338.41,5115.872
30,m,10,PhD,8,9,4418.69,5115.872
29,m,11,PhD,7,9,5021.17,5120.685
29,m,11,PhD,8,8,4836.11,5122.8784
29,m,11,PhD,8,8,4762.97,5122.8784
27,m,10,PhD,9,10,4506.59,5123.139
28,m,12,PhD,6,9,4883.02,5125.4976
28,m,12,PhD,6,9,5088.73,5125.4976
28,m,12,PhD,7,8,4956.69,5127.692
28,m,12,PhD,7,8,5281.35,5127.692
26,m,11,PhD,8,10,5297.2,5127.9526
26,m,11,PhD,8,10,5435.11,5127.9526
27,m,13,PhD,5,9,4690.82,5130.311
25,m,12,PhD,8,9,5155.32,5134.9595
32,m,10,PhD,8,8,4604.27,5136.513
25,m,12,PhD,9,8,4954.56,5137.1533
31,m,11,PhD,7,8,4860.39,5141.326
29,m,10,PhD,9,9,4937.48,5143.7812
29,m,10,PhD,9,9,4902.02,5143.7812
28,m,11,PhD,7,10,4758.65,5146.4
28,m,11,PhD,7,10,4790.56,5146.4
28,m,11,PhD,7,10,5132.37,5146.4
28,m,11,PhD,8,9,4962.92,5148.5938
28,m,11,PhD,8,9,5019.08,5148.5938
28,m,11,PhD,8,9,5068.17,5148.5938
28,m,11,PhD,8,9,4806.19,5148.5938
28,m,11,PhD,8,9,4753.83,5148.594
28,m,11,PhD,9,8,4206.92,5150.7876
27,m,12,PhD,7,9,5231.23,5153.4067
27,m,12,PhD,7,9,5021.37,5153.4067
27,m,12,PhD,7,9,5814.39,5153.4067
27,m,12,PhD,7,9,5267.38,5153.4067
30,m,14,Ma,8,9,4964.83,5153.5415
27,m,12,PhD,8,8,5078.09,5155.6006
27,m,12,PhD,8,8,5318.46,5155.6006
27,m,12,PhD,8,8,5158.91,5155.6006
27,m,12,PhD,9,7,5801.99,5157.795
31,m,10,PhD,7,10,5057.86,5160.0347
24,m,12,PhD,8,10,5165.98,5160.6743
24,m,12,PhD,8,10,5261.18,5160.6743
31,m,10,PhD,8,9,5253.71,5162.228
30,m,11,PhD,8,8,5004.78,5169.236
30,m,11,PhD,8,8,4690.22,5169.236
34,m,9,PhD,8,9,4370.64,5175.864
27,m,11,PhD,9,9,5003.86,5176.5034
26,m,12,PhD,7,10,5685.69,5179.1216
26,m,12,PhD,8,9,5427.48,5181.316
33,m,10,PhD,8,8,4731.52,5182.8706
26,m,12,PhD,9,8,4914.25,5183.5103
33,m,10,PhD,9,7,5037.5,5185.0645
25,m,13,PhD,7,9,5022.36,5186.129
32,m,11,PhD,7,8,4564.48,5187.683
30,m,10,PhD,8,10,4770.44,5187.944
30,m,10,PhD,8,10,4549.61,5187.944
30,m,10,PhD,8,10,4921.12,5187.944
25,m,13,PhD,8,8,5416.16,5188.3228
32,m,11,PhD,8,7,5558.24,5189.877
32,m,11,PhD,8,7,4537.33,5189.877
31,m,12,PhD,6,8,4850.86,5192.4956
29,m,11,PhD,8,9,5164.84,5194.9507
29,m,11,PhD,8,9,4600.54,5194.9507
29,m,11,PhD,9,8,5852.91,5197.145
28,m,12,PhD,7,9,5231.15,5199.7637
28,m,12,PhD,7,9,4619.3,5199.7637
28,m,12,PhD,7,9,5416.81,5199.7637
31,m,14,Ma,8,9,4782.45,5199.898
35,m,10,PhD,7,8,4938.26,5201.318
33,m,9,PhD,8,10,4165.1,5201.5786
28,m,12,PhD,8,8,5413.56,5201.9575
26,m,11,PhD,9,10,5504.55,5202.2183
32,m,10,PhD,8,9,5177.06,5208.5854
32,m,10,PhD,8,9,4808.74,5208.5854
25,m,12,PhD,9,9,4617.86,5209.225
31,m,11,PhD,7,9,4881.8,5213.3984
31,m,11,PhD,8,8,5239.69,5215.5923
31,m,11,PhD,8,8,4692.53,5215.5923
31,m,11,PhD,9,7,4502.27,5217.7866
30,m,12,PhD,7,8,5654.03,5220.405
30,m,12,PhD,7,8,5012.81,5220.405
30,m,12,PhD,7,8,4540.78,5220.405
29,m,13,PhD,6,8,4690.65,5225.218
29,m,13,PhD,6,8,5325.4,5225.218
27,m,12,PhD,7,10,4789.59,5225.479
26,m,13,PhD,8,8,5348.76,5234.6797
31,m,10,PhD,9,9,4876.57,5236.4946
30,m,11,PhD,7,10,5060.41,5239.114
30,m,11,PhD,8,9,4720.59,5241.307
30,m,11,PhD,9,8,5390.55,5243.5015
30,m,11,PhD,9,8,5167.61,5243.5015
30,m,11,PhD,9,8,5255.72,5243.5015
29,m,12,PhD,7,9,5359.58,5246.1206
29,m,12,PhD,7,9,5427.68,5246.1206
29,m,12,PhD,8,8,5005.59,5248.314
29,m,12,PhD,8,8,5722.58,5248.314
32,m,11,PhD,7,9,5061.08,5259.7554
32,m,11,PhD,7,9,4984.06,5259.7554
25,m,13,PhD,8,9,4941.88,5260.3945
24,m,14,PhD,7,9,5432.42,5265.2075
31,m,12,PhD,7,8,5466.93,5266.762
29,m,11,PhD,8,10,5186.68,5267.023
24,m,14,PhD,8,8,5732.89,5267.402
29,m,11,PhD,9,9,4709.8,5269.217
29,m,11,PhD,9,9,5308.23,5269.217
28,m,12,PhD,7,10,5078.26,5271.8354
28,m,12,PhD,7,10,4915.16,5271.8354
30,m,13,PhD,7,7,6000.0,5273.769
28,m,12,PhD,8,9,5158.66,5274.0293
28,m,12,PhD,9,8,5210.19,5276.2236
31,m,11,PhD,8,9,4228.14,5287.6646
31,m,11,PhD,8,9,5349.02,5287.6646
31,m,11,PhD,9,8,4281.11,5289.858
30,m,12,PhD,7,9,4869.88,5292.477
30,m,12,PhD,8,8,5276.31,5294.671
30,m,12,PhD,8,8,4784.92,5294.671
30,m,12,PhD,8,8,4760.46,5294.671
30,m,12,PhD,8,8,4352.93,5294.671
29,m,13,PhD,7,8,4817.8,5299.484
29,m,13,PhD,7,8,5139.43,5299.484
27,m,12,PhD,8,10,5340.8,5299.7446
26,m,13,PhD,8,9,5401.39,5306.7515
26,m,13,PhD,8,9,5311.77,5306.7515
30,m,11,PhD,8,10,5389.85,5313.379
30,m,11,PhD,8,10,5042.26,5313.379
29,m,12,PhD,8,9,4558.06,5320.386
29,m,12,PhD,8,9,5235.85,5320.386
28,m,13,PhD,7,9,5643.88,5325.199
28,m,13,PhD,7,9,5785.33,5325.199
26,m,12,PhD,9,10,5051.15,5327.654
32,m,11,PhD,9,8,4886.87,5336.2153
31,m,12,PhD,8,8,5440.08,5341.028
30,m,13,PhD,7,8,5312.02,5345.841
28,m,12,PhD,8,10,5468.93,5346.101
28,m,12,PhD,9,9,5073.17,5348.2954
35,m,10,PhD,9,8,5092.24,5349.8496
34,m,11,PhD,8,8,5266.95,5354.6626
31,m,11,PhD,8,10,4828.09,5359.736
32,m,13,PhD,6,8,5584.9,5364.2886
30,m,12,PhD,8,9,5190.47,5366.7427
30,m,12,PhD,9,8,5175.73,5368.937
30,m,11,PhD,9,10,5197.97,5387.645
31,m,13,PhD,7,8,5362.95,5392.1973
31,m,13,PhD,7,8,5119.72,5392.1973
28,m,13,PhD,8,9,5499.26,5399.465
33,m,10,PhD,9,10,4964.81,5401.28
27,m,14,PhD,8,8,5886.35,5406.471
27,m,14,PhD,8,8,5330.28,5406.471
30,m,12,PhD,9,9,5161.91,5441.009
35,m,12,PhD,7,8,5297.57,5452.189
28,m,14,PhD,8,8,5603.41,5452.8286
26,m,13,PhD,9,10,5016.8,5453.089
32,m,12,PhD,7,10,4704.3,5457.262
32,m,11,PhD,9,10,4611.38,5480.359
30,m,13,PhD,8,9,4939.25,5492.178
29,m,14,PhD,8,8,5198.21,5499.185
33,m,12,PhD,9,8,4988.52,5508.0073
32,m,13,PhD,8,8,5655.83,5512.82
30,m,12,PhD,9,10,4998.72,5513.0806
29,m,13,PhD,8,10,4603.12,5517.8936
29,m,13,PhD,8,10,5592.51,5517.8936
33,m,13,PhD,8,8,5076.49,5559.177
30,m,13,PhD,9,9,5934.71,5566.444
30,m,12,PhD,10,10,4900.28,5587.346
26,m,15,PhD,9,9,5218.11,5631.888
28,m,15,PhD,9,8,4922.88,5652.53
29,m,15,PhD,9,9,4639.75,5770.9585
29,m,15,PhD,9,9,5527.42,5770.9585
32,m,15,PhD,9,9,5235.97,5910.029
